20020101,-1030
20020102,44
20020103,-10
20020104,1218
20020105,747
20020106,-303
20020107,2647
20020108,2181
20020109,237
20020110,232
20020111,-2162
20020112,191
20020113,-324
20020114,-678
20020115,-1379
20020116,-353
20020117,369
20020118,-877
20020119,-1184
20020120,-506
20020121,-982
20020122,-1249
20020123,-1457
20020124,-39
20020125,-1640
20020126,-997
20020127,-645
20020128,-1513
20020129,-273
20020130,-1605
20020131,-1291
20020201,-1106
20020202,-1631
20020203,-1011
20020204,-497
20020205,-1051
20020206,-638
20020207,-998
20020208,145
20020209,-319
20020210,-806
20020211,-1822
20020212,-2264
20020213,-2461
20020214,-845
20020215,-712
20020216,-644
20020217,-648
20020218,-108
20020219,-601
20020220,-885
20020221,-1616
20020222,-935
20020223,-999
20020224,-1148
20020225,-3161
20020226,-1468
20020227,-2717
20020228,-262
20020301,-1336
20020302,-2214
20020303,-1119
20020304,-2647
20020305,-2347
20020306,-1954
20020307,-333
20020308,-1298
20020309,-1582
20020310,-1511
20020311,-1373
20020312,-1851
20020313,-1820
20020314,-740
20020315,-1795
20020316,-1644
20020317,-1093
20020318,-994
20020319,-1400
20020320,-1897
20020321,-623
20020322,-180
20020323,-2555
20020324,-579
20020325,-2605
20020326,-1712
20020327,-4087
20020328,306
20020329,-1858
20020330,-2874
20020331,-738
20020401,-2899
20020402,-2085
20020403,-3405
20020404,419
20020405,-3498
20020406,-2202
20020407,-2115
20020408,-2250
20020409,-2758
20020410,-2284
20020411,-978
20020412,-1455
20020413,-2206
20020414,-1990
20020415,-2215
20020416,-3012
20020417,-4015
20020418,-455
20020419,-2991
20020420,-2357
20020421,-2204
20020422,-2252
20020423,-3144
20020424,-3495
20020425,-1097
20020426,-2516
20020427,-2979
20020428,-2961
20020429,-2752
20020430,-3245
20020501,-2147
20020502,-1686
20020503,-1560
20020504,-1803
20020505,-2672
20020506,-2657
20020507,-2961
20020508,-2852
20020509,-1310
20020510,-2064
20020511,-2680
20020512,-2067
20020513,-2729
20020514,-2587
20020515,-3430
20020516,-329
20020517,-2991
20020518,-2536
20020519,-3026
20020520,-2512
20020521,-3291
20020522,-3548
20020523,-762
20020524,-1780
20020525,-1498
20020526,-1701
20020527,-2396
20020528,-4508
20020529,-3873
20020530,-592
20020531,-2002
20020601,-3202
20020602,-2887
20020603,-3076
20020604,-1848
20020605,-3228
20020606,248
20020607,-3761
20020608,-2878
20020609,-2885
20020610,-3283
20020611,-3075
20020612,-3923
20020613,12
20020614,-3661
20020615,-2201
20020616,-1895
20020617,-1661
20020618,-3814
20020619,-2954
20020620,-2876
20020621,-2557
20020622,-2687
20020623,-2158
20020624,-2684
20020625,-2992
20020626,-3772
20020627,-3596
20020628,-1319
20020629,-3285
20020630,-2789
20020701,-2699
20020702,-2094
20020703,-4373
20020704,-882
20020705,-2982
20020706,-4294
20020707,-2698
20020708,-3160
20020709,-3500
20020710,-3773
20020711,-561
20020712,-3122
20020713,-2560
20020714,-2597
20020715,-2699
20020716,-3376
20020717,-2459
20020718,-1119
20020719,-2169
20020720,-2566
20020721,-2319
20020722,-1967
20020723,-2189
20020724,-4411
20020725,-3746
20020726,-3091
20020727,-2950
20020728,-2918
20020729,-2390
20020730,-2901
20020731,-3637
20020801,-848
20020802,-4063
20020803,-2725
20020804,-2619
20020805,-2974
20020806,-2576
20020807,-2839
20020808,-1493
20020809,-1005
20020810,-1971
20020811,-2282
20020812,-2859
20020813,-3106
20020814,-2905
20020815,-460
20020816,-2450
20020817,-2383
20020818,-2589
20020819,-2986
20020820,-3919
20020821,-3061
20020822,-2021
20020823,-2365
20020824,-2099
20020825,-2216
20020826,-201
20020827,-1222
20020828,-3560
20020829,-2200
20020830,-3036
20020831,-2990
20020901,-2772
20020902,-1846
20020903,-1944
20020904,-3795
20020905,-259
20020906,-857
20020907,-1197
20020908,-822
20020909,-114
20020910,437
20020911,30
20020912,-1000
20020913,632
20020914,1101
20020915,689
20020916,-641
20020917,-4227
20020918,-4420
20020919,-2583
20020920,-1716
20020921,-3029
20020922,-2055
20020923,-1184
20020924,-974
20020925,-1386
20020926,-1542
20020927,-359
20020928,-2222
20020929,-2170
20020930,-1999
20021001,-1670
20021002,-1688
20021003,-1117
20021004,-367
20021005,-748
20021006,-1206
20021007,-1638
20021008,-1635
20021009,-1553
20021010,-790
20021011,-1154
20021012,-1168
20021013,-1550
20021014,-1652
20021015,-1808
20021016,-1505
20021017,-810
20021018,-28
20021019,-1097
20021020,3
20021021,-559
20021022,-38
20021023,27
20021024,-237
20021025,-1855
20021026,-1116
20021027,-990
20021028,-983
20021029,-8
20021030,-64
20021031,195
20021101,-177
20021102,-217
20021103,-119
20021104,-453
20021105,-533
20021106,56
20021107,1566
20021108,2585
20021109,253
20021110,-774
20021111,-1585
20021112,-3138
20021113,-625
20021114,-1139
20021115,-582
20021116,-550
20021117,-798
20021118,-769
20021119,-997
20021120,-874
20021121,1046
20021122,27
20021123,-1121
20021124,-1628
20021125,-484
20021126,1071
20021127,1494
20021128,1537
20021129,-176
20021130,-239
20021201,-1200
20021202,-1329
20021203,-1564
20021204,52
20021205,822
20021206,704
20021207,495
20021208,476
20021209,911
20021210,523
20021211,-756
20021212,-720
20021213,-306
20021214,-275
20021215,-669
20021216,-722
20021217,-630
20021218,-250
20021219,631
20021220,585
20021221,-449
20021222,-172
20021223,748
20021224,10
20021225,-216
20021226,962
20021227,59
20021228,-251
20021229,40
20021230,253
20021231,-767
20030101,-18
20030102,-88
20030103,979
20030104,711
20030105,375
20030106,3162
20030107,-203
20030108,-161
20030109,205
20030110,1108
20030111,1315
20030112,769
20030113,717
20030114,-646
20030115,-2408
20030116,-899
20030117,-303
20030118,-3038
20030119,-1550
20030120,-658
20030121,-749
20030122,233
20030123,-230
20030124,-330
20030125,-1104
20030126,-811
20030127,-709
20030128,-1701
20030129,-779
20030130,-793
20030131,-226
20030201,-821
20030202,-805
20030203,-1648
20030204,-1683
20030205,-2624
20030206,-1021
20030207,-142
20030208,-981
20030209,-1668
20030210,-738
20030211,-699
20030212,-241
20030213,925
20030214,1315
20030215,-582
20030216,-221
20030217,-351
20030218,1026
20030219,653
20030220,-1280
20030221,-869
20030222,-751
20030223,-944
20030224,-1532
20030225,1713
20030226,2450
20030227,601
20030228,-2937
20030301,-832
20030302,-512
20030303,453
20030304,265
20030305,-780
20030306,-2468
20030307,-579
20030308,-2455
20030309,-422
20030310,-1895
20030311,-3405
20030312,59
20030313,-1676
20030314,-4112
20030315,-2977
20030316,-277
20030317,-533
20030318,-437
20030319,-2531
20030320,391
20030321,-558
20030322,-1129
20030323,-1039
20030324,-3285
20030325,-2494
20030326,-2017
20030327,-4402
20030328,-2745
20030329,-3539
20030330,-2682
20030331,-3194
20030401,-4145
20030402,-3212
20030403,-1699
20030404,-2965
20030405,-2915
20030406,-2743
20030407,-1951
20030408,-2228
20030409,-2239
20030410,-1333
20030411,-4483
20030412,-2619
20030413,-2681
20030414,-2254
20030415,-1698
20030416,-2374
20030417,-487
20030418,-1186
20030419,-2796
20030420,-2508
20030421,-348
20030422,-1451
20030423,-1427
20030424,-862
20030425,-1051
20030426,-2414
20030427,-2371
20030428,-3974
20030429,-3848
20030430,-3339
20030501,-692
20030502,-1403
20030503,-4064
20030504,-2101
20030505,-2006
20030506,-2165
20030507,-2357
20030508,-811
20030509,-2932
20030510,-3870
20030511,-2209
20030512,-2521
20030513,-2680
20030514,-1992
20030515,-505
20030516,-1201
20030517,-4026
20030518,-2613
20030519,-2494
20030520,-2309
20030521,-3314
20030522,-78
20030523,-1460
20030524,-4569
20030525,-3162
20030526,-1927
20030527,-2405
20030528,-2518
20030529,-864
20030530,214
20030531,-4866
20030601,-3292
20030602,1341
20030603,-4008
20030604,-2948
20030605,-2449
20030606,-1135
20030607,-5333
20030608,-2409
20030609,-3786
20030610,-2593
20030611,-1786
20030612,-1689
20030613,-954
20030614,-2466
20030615,-2270
20030616,-3106
20030617,-3517
20030618,-3324
20030619,-2666
20030620,-1531
20030621,-2914
20030622,-2472
20030623,-2124
20030624,-5393
20030625,-1320
20030626,-185
20030627,-928
20030628,-2760
20030629,-2609
20030630,-5045
20030701,-3497
20030702,-3609
20030703,-188
20030704,-1121
20030705,-2970
20030706,-2500
20030707,-2104
20030708,-5057
20030709,-4011
20030710,670
20030711,-5359
20030712,-2686
20030713,-2677
20030714,-1779
20030715,-1659
20030716,-5001
20030717,-770
20030718,-2512
20030719,-2805
20030720,-2321
20030721,-1785
20030722,-3620
20030723,-7053
20030724,1049
20030725,-3624
20030726,-2529
20030727,-1920
20030728,411
20030729,-1550
20030730,-7041
20030731,247
20030801,-2111
20030802,-2063
20030803,-1307
20030804,1861
20030805,-5099
20030806,-5131
20030807,566
20030808,-2767
20030809,-3640
20030810,-1962
20030811,-2131
20030812,-1207
20030813,-5932
20030814,58
20030815,-2418
20030816,-4552
20030817,-1451
20030818,-1010
20030819,-1285
20030820,-3000
20030821,-877
20030822,-2133
20030823,-3344
20030824,-1817
20030825,-67
20030826,-851
20030827,-2294
20030828,-332
20030829,-1878
20030830,-2378
20030831,-2321
20030901,-1761
20030902,-2089
20030903,-3332
20030904,153
20030905,-1488
20030906,-1224
20030907,-627
20030908,-2124
20030909,-2449
20030910,-4176
20030911,631
20030912,-2994
20030913,-2948
20030914,-1859
20030915,-2612
20030916,-1732
20030917,-2134
20030918,867
20030919,-1175
20030920,-1260
20030921,-1468
20030922,-2498
20030923,-2874
20030924,-2978
20030925,605
20030926,-754
20030927,-3053
20030928,-2036
20030929,-1503
20030930,-2120
20031001,-1791
20031002,1319
20031003,-1460
20031004,-1191
20031005,-1666
20031006,-1591
20031007,-2320
20031008,-1898
20031009,1080
20031010,-69
20031011,-1875
20031012,-642
20031013,-687
20031014,-1299
20031015,-1550
20031016,986
20031017,-694
20031018,-1576
20031019,-1363
20031020,-1137
20031021,-1843
20031022,-1870
20031023,936
20031024,-1337
20031025,-979
20031026,-789
20031027,-1009
20031028,-828
20031029,-2447
20031030,491
20031031,-753
20031101,-683
20031102,-523
20031103,-258
20031104,-745
20031105,-249
20031106,336
20031107,-983
20031108,-838
20031109,-628
20031110,296
20031111,-193
20031112,832
20031113,770
20031114,1022
20031115,127
20031116,299
20031117,711
20031118,1174
20031119,1426
20031120,68
20031121,70
20031122,25
20031123,-324
20031124,-482
20031125,-84
20031126,-1748
20031127,567
20031128,-650
20031129,-214
20031130,-116
20031201,331
20031202,-1984
20031203,-765
20031204,-175
20031205,-1452
20031206,-715
20031207,6
20031208,-413
20031209,124
20031210,232
20031211,1306
20031212,560
20031213,-533
20031214,-697
20031215,-404
20031216,-514
20031217,-729
20031218,255
20031219,-495
20031220,101
20031221,-609
20031222,665
20031223,-1900
20031224,-2187
20031225,1490
20031226,-2217
20031227,750
20031228,-3128
20031229,-1045
20031230,997
20031231,-853
20040101,1438
20040102,765
20040103,744
20040104,490
20040105,892
20040106,1251
20040107,1440
20040108,1298
20040109,2456
20040110,-1422
20040111,-164
20040112,-872
20040113,-1176
20040114,-251
20040115,-160
20040116,-1079
20040117,-719
20040118,-1404
20040119,-1997
20040120,-847
20040121,-605
20040122,203
20040123,-1533
20040124,-1346
20040125,-880
20040126,335
20040127,-269
20040128,-157
20040129,-922
20040130,-741
20040131,-770
20040201,-743
20040202,-578
20040203,-1338
20040204,-659
20040205,-865
20040206,-2037
20040207,-1619
20040208,-1235
20040209,-1025
20040210,-805
20040211,-1164
20040212,-935
20040213,-2687
20040214,-2059
20040215,-1181
20040216,-1497
20040217,91
20040218,-1013
20040219,-708
20040220,-2849
20040221,-1994
20040222,-588
20040223,217
20040224,933
20040225,1159
20040226,545
20040227,2006
20040228,-904
20040229,-1850
20040301,-830
20040302,839
20040303,1781
20040304,-1187
20040305,-561
20040306,-1278
20040307,-195
20040308,-841
20040309,-2281
20040310,-3976
20040311,-2290
20040312,-4173
20040313,-4461
20040314,-2813
20040315,-2232
20040316,-1591
20040317,166
20040318,-37
20040319,-1174
20040320,-1485
20040321,-2195
20040322,-2232
20040323,-3179
20040324,-3780
20040325,-679
20040326,-881
20040327,-2471
20040328,-1150
20040329,-1306
20040330,-4124
20040331,-4773
20040401,-2126
20040402,-799
20040403,-1179
20040404,-746
20040405,-402
20040406,-2701
20040407,-1654
20040408,-1220
20040409,705
20040410,-2258
20040411,-1591
20040412,-2075
20040413,-2532
20040414,-5884
20040415,-1389
20040416,-2529
20040417,-3266
20040418,-1502
20040419,-2575
20040420,-1602
20040421,-2330
20040422,-294
20040423,-1885
20040424,-1854
20040425,-1561
20040426,-1595
20040427,-2917
20040428,-4315
20040429,-183
20040430,-3757
20040501,-3072
20040502,-2771
20040503,-2845
20040504,-2885
20040505,-1807
20040506,-1282
20040507,-3932
20040508,-1561
20040509,-1771
20040510,-2587
20040511,-2929
20040512,-4520
20040513,-518
20040514,-2896
20040515,-2522
20040516,-2127
20040517,-2205
20040518,-2613
20040519,-2469
20040520,-785
20040521,-1137
20040522,-2321
20040523,-2527
20040524,-2518
20040525,-5017
20040526,-2812
20040527,-960
20040528,128
20040529,-1701
20040530,-3727
20040531,-4622
20040601,-4934
20040602,-4380
20040603,-824
20040604,-2280
20040605,-3127
20040606,-3796
20040607,-4099
20040608,-3704
20040609,-3386
20040610,-365
20040611,-1639
20040612,-4220
20040613,-2953
20040614,-2932
20040615,-2198
20040616,-2300
20040617,-1003
20040618,-4456
20040619,-4101
20040620,-3181
20040621,-2589
20040622,-2585
20040623,-3582
20040624,-588
20040625,-2830
20040626,-3742
20040627,-3206
20040628,-2706
20040629,-4073
20040630,-5869
20040701,-888
20040702,-1288
20040703,-2279
20040704,-2542
20040705,-3462
20040706,-3753
20040707,-3108
20040708,-892
20040709,-2992
20040710,-3713
20040711,-3519
20040712,-2547
20040713,-1574
20040714,-1975
20040715,-1618
20040716,-2723
20040717,-3973
20040718,-2720
20040719,-3589
20040720,-3778
20040721,-3415
20040722,-1103
20040723,-3643
20040724,-3253
20040725,-2350
20040726,-4188
20040727,-3839
20040728,-4219
20040729,-1696
20040730,-2512
20040731,-2624
20040801,-2749
20040802,-3643
20040803,-3918
20040804,-2686
20040805,-1563
20040806,-3400
20040807,-2672
20040808,-2541
20040809,-1914
20040810,-2842
20040811,-3964
20040812,-1488
20040813,-1990
20040814,-2400
20040815,-2629
20040816,-1016
20040817,-883
20040818,-1916
20040819,-3249
20040820,-1587
20040821,-2431
20040822,-3034
20040823,-2228
20040824,-2503
20040825,-2063
20040826,-1004
20040827,-1803
20040828,-2462
20040829,-2583
20040830,-3744
20040831,-3603
20040901,-2809
20040902,-1270
20040903,-1326
20040904,-1586
20040905,-2153
20040906,-1705
20040907,-1764
20040908,-1822
20040909,-192
20040910,-106
20040911,-1856
20040912,-2162
20040913,-1459
20040914,-826
20040915,-1643
20040916,-762
20040917,143
20040918,-648
20040919,-476
20040920,48
20040921,-473
20040922,-2122
20040923,-1909
20040924,396
20040925,-2077
20040926,-1242
20040927,-1513
20040928,-1746
20040929,-1949
20040930,-2398
20041001,-1119
20041002,-1725
20041003,-1795
20041004,-1725
20041005,-1946
20041006,-2271
20041007,-261
20041008,-396
20041009,-1462
20041010,-1323
20041011,-985
20041012,-1033
20041013,-743
20041014,-494
20041015,-717
20041016,-387
20041017,-840
20041018,-1422
20041019,-612
20041020,-235
20041021,642
20041022,732
20041023,387
20041024,-220
20041025,1322
20041026,175
20041027,599
20041028,1456
20041029,399
20041030,917
20041031,1093
20041101,1293
20041102,428
20041103,-1783
20041104,393
20041105,356
20041106,-22
20041107,281
20041108,-275
20041109,-440
20041110,68
20041111,691
20041112,1378
20041113,754
20041114,124
20041115,-1229
20041116,-2031
20041117,-1470
20041118,693
20041119,882
20041120,-682
20041121,-83
20041122,510
20041123,1132
20041124,1258
20041125,1272
20041126,598
20041127,724
20041128,455
20041129,1424
20041130,-609
20041201,-1082
20041202,-408
20041203,20
20041204,-1054
20041205,-189
20041206,1010
20041207,1178
20041208,958
20041209,1200
20041210,1498
20041211,1412
20041212,563
20041213,-103
20041214,286
20041215,657
20041216,586
20041217,587
20041218,221
20041219,-676
20041220,-1577
20041221,-2715
20041222,882
20041223,890
20041224,-814
20041225,-774
20041226,511
20041227,-93
20041228,-322
20041229,-2130
20041230,834
20041231,1675
20050101,-664
20050102,457
20050103,1703
20050104,1899
20050105,1248
20050106,1311
20050107,1243
20050108,1370
20050109,1215
20050110,1492
20050111,1371
20050112,147
20050113,-2940
20050114,-36
20050115,-31
20050116,-220
20050117,88
20050118,-579
20050119,-459
20050120,55
20050121,-420
20050122,-1087
20050123,-981
20050124,-457
20050125,444
20050126,1951
20050127,1928
20050128,1022
20050129,-662
20050130,210
20050131,154
20050201,523
20050202,757
20050203,-207
20050204,-1480
20050205,-1059
20050206,-2104
20050207,-2375
20050208,-969
20050209,243
20050210,1265
20050211,1309
20050212,1421
20050213,1932
20050214,-52
20050215,345
20050216,422
20050217,1744
20050218,1093
20050219,1149
20050220,1811
20050221,-1496
20050222,979
20050223,-152
20050224,-1737
20050225,-131
20050226,-147
20050227,148
20050228,46
20050301,252
20050302,-896
20050303,92
20050304,1409
20050305,-344
20050306,-35
20050307,111
20050308,-1287
20050309,-1556
20050310,-1258
20050311,-1355
20050312,-727
20050313,-1133
20050314,-1418
20050315,-3098
20050316,-3561
20050317,-1395
20050318,-1561
20050319,-2627
20050320,-2696
20050321,-2631
20050322,-1715
20050323,-2658
20050324,-340
20050325,-2871
20050326,-2315
20050327,-2291
20050328,-312
20050329,-2705
20050330,-3556
20050331,-1536
20050401,-3096
20050402,-2989
20050403,-2872
20050404,-419
20050405,-1415
20050406,-2086
20050407,-3465
20050408,-4165
20050409,-4490
20050410,-2801
20050411,-1777
20050412,-1842
20050413,-2077
20050414,-1575
20050415,-2040
20050416,-2130
20050417,-2290
20050418,-1607
20050419,-2061
20050420,-2063
20050421,-1600
20050422,-340
20050423,-1786
20050424,-3071
20050425,-739
20050426,-1601
20050427,-1997
20050428,-1149
20050429,-839
20050430,-908
20050501,-225
20050502,-1263
20050503,-2493
20050504,-3426
20050505,-581
20050506,-3026
20050507,-3496
20050508,-2695
20050509,-1991
20050510,-2264
20050511,-1408
20050512,-1277
20050513,-972
20050514,-1574
20050515,-2054
20050516,-3232
20050517,-3036
20050518,-3352
20050519,-716
20050520,-449
20050521,-2688
20050522,-3231
20050523,-2970
20050524,-3570
20050525,-3343
20050526,-2247
20050527,-1590
20050528,-3420
20050529,-2929
20050530,-2964
20050531,-1881
20050601,-2359
20050602,-688
20050603,-1584
20050604,-3905
20050605,-2836
20050606,-2870
20050607,-2802
20050608,-3497
20050609,-1385
20050610,-2510
20050611,-2903
20050612,-2364
20050613,-3092
20050614,-3166
20050615,-2695
20050616,-1321
20050617,-2333
20050618,-3549
20050619,-2748
20050620,-2889
20050621,-2334
20050622,-3934
20050623,-1811
20050624,-2726
20050625,-3141
20050626,-2810
20050627,-2825
20050628,-2927
20050629,-3455
20050630,-1608
20050701,-1859
20050702,-3411
20050703,-2992
20050704,-3551
20050705,-3136
20050706,-2963
20050707,655
20050708,-2281
20050709,-3886
20050710,-4189
20050711,-3100
20050712,-3049
20050713,-3479
20050714,-1567
20050715,-2930
20050716,-3622
20050717,-2729
20050718,-2278
20050719,-2587
20050720,-4040
20050721,-1877
20050722,-3301
20050723,-2806
20050724,-1800
20050725,-1303
20050726,-1312
20050727,-2026
20050728,-2217
20050729,-2757
20050730,-4332
20050731,-2895
20050801,-331
20050802,-1038
20050803,-2012
20050804,-1284
20050805,-1564
20050806,-3060
20050807,-871
20050808,850
20050809,-247
20050810,-929
20050811,391
20050812,1135
20050813,-1695
20050814,-1733
20050815,73
20050816,-234
20050817,-2063
20050818,-1520
20050819,-1936
20050820,-3006
20050821,-3267
20050822,-2458
20050823,-755
20050824,-1704
20050825,-1869
20050826,-2464
20050827,-2641
20050828,-3147
20050829,-2154
20050830,-2195
20050831,-2764
20050901,-619
20050902,-1909
20050903,-2440
20050904,-2114
20050905,-2235
20050906,-1601
20050907,-1782
20050908,-1169
20050909,-1375
20050910,-2199
20050911,-3041
20050912,-3021
20050913,-1827
20050914,-2001
20050915,5
20050916,-1796
20050917,-1907
20050918,-1868
20050919,-1165
20050920,-537
20050921,-1044
20050922,-292
20050923,-969
20050924,-2919
20050925,-1839
20050926,-1802
20050927,-1713
20050928,-2486
20050929,226
20050930,-1043
20051001,-1313
20051002,-442
20051003,-191
20051004,-1250
20051005,-949
20051006,-950
20051007,-643
20051008,-1078
20051009,-1592
20051010,-2304
20051011,-2274
20051012,-2881
20051013,256
20051014,-515
20051015,-1798
20051016,-800
20051017,890
20051018,1673
20051019,438
20051020,251
20051021,2110
20051022,-1549
20051023,-993
20051024,-15
20051025,411
20051026,145
20051027,881
20051028,-1304
20051029,-1596
20051030,-1578
20051031,-782
20051101,-1047
20051102,-1124
20051103,305
20051104,-179
20051105,-321
20051106,-960
20051107,-718
20051108,-774
20051109,-478
20051110,672
20051111,-41
20051112,-648
20051113,-324
20051114,92
20051115,-394
20051116,-1751
20051117,338
20051118,-626
20051119,-585
20051120,-1452
20051121,-717
20051122,736
20051123,506
20051124,180
20051125,156
20051126,-335
20051127,-541
20051128,-160
20051129,-396
20051130,-31
20051201,1196
20051202,1238
20051203,-1526
20051204,-1340
20051205,-264
20051206,340
20051207,-124
20051208,-574
20051209,-961
20051210,-1607
20051211,-920
20051212,-926
20051213,-891
20051214,367
20051215,322
20051216,1262
20051217,829
20051218,-519
20051219,-513
20051220,136
20051221,272
20051222,96
20051223,1138
20051224,-315
20051225,-796
20051226,-412
20051227,-530
20051228,337
20051229,-267
20051230,1690
20051231,475
20060101,920
20060102,1639
20060103,1615
20060104,31
20060105,69
20060106,1628
20060107,1268
20060108,-297
20060109,159
20060110,332
20060111,-816
20060112,-1317
20060113,-60
20060114,-88
20060115,860
20060116,-730
20060117,-1662
20060118,-2165
20060119,-1008
20060120,-1697
20060121,-1121
20060122,-972
20060123,-1392
20060124,-1537
20060125,-1657
20060126,-616
20060127,-130
20060128,-906
20060129,-1127
20060130,-1840
20060131,-1973
20060201,-652
20060202,-69
20060203,20
20060204,499
20060205,-375
20060206,-1138
20060207,-2856
20060208,-3006
20060209,752
20060210,31
20060211,-800
20060212,411
20060213,-135
20060214,-1132
20060215,-1250
20060216,-1677
20060217,-899
20060218,-533
20060219,-1240
20060220,-1268
20060221,-908
20060222,-1431
20060223,-463
20060224,-2028
20060225,-2350
20060226,-1728
20060227,-97
20060228,-444
20060301,-845
20060302,-1138
20060303,-847
20060304,-626
20060305,-37
20060306,-745
20060307,-2226
20060308,-2702
20060309,-1613
20060310,745
20060311,-1477
20060312,-1912
20060313,-8
20060314,-1619
20060315,-310
20060316,1227
20060317,-492
20060318,-1448
20060319,-721
20060320,-602
20060321,-1072
20060322,-1694
20060323,-1309
20060324,-1891
20060325,-3101
20060326,-3308
20060327,-2424
20060328,300
20060329,-1571
20060330,-1688
20060331,-1087
20060401,-2488
20060402,-2081
20060403,-2682
20060404,-2840
20060405,-168
20060406,-618
20060407,-1367
20060408,-668
20060409,-2318
20060410,-1073
20060411,-829
20060412,-2946
20060413,-1910
20060414,-2512
20060415,-1881
20060416,-1925
20060417,-2304
20060418,-1476
20060419,-1290
20060420,-2392
20060421,-2497
20060422,-2919
20060423,-2988
20060424,-1581
20060425,-1134
20060426,-651
20060427,160
20060428,-354
20060429,-1993
20060430,-3090
20060501,-2362
20060502,-2112
20060503,-1632
20060504,-2170
20060505,-1885
20060506,-3332
20060507,-2293
20060508,-2068
20060509,-1284
20060510,-2425
20060511,-2276
20060512,-3076
20060513,-1402
20060514,-1304
20060515,-1984
20060516,-1701
20060517,-3447
20060518,-3400
20060519,-3626
20060520,-3290
20060521,-3702
20060522,-3480
20060523,-2303
20060524,-1389
20060525,180
20060526,-2068
20060527,-2751
20060528,-2747
20060529,-2615
20060530,-2275
20060531,-3024
20060601,-1414
20060602,-824
20060603,-2122
20060604,-2106
20060605,-3273
20060606,-3892
20060607,-3956
20060608,-1992
20060609,-1715
20060610,-2176
20060611,-3198
20060612,-3147
20060613,-4127
20060614,-5153
20060615,-3576
20060616,-2367
20060617,-1763
20060618,-1205
20060619,-1693
20060620,-2639
20060621,-4054
20060622,-2885
20060623,-3398
20060624,-3494
20060625,-3299
20060626,-3709
20060627,-1149
20060628,-3949
20060629,-1255
20060630,-2754
20060701,-2454
20060702,-1418
20060703,-1712
20060704,-2869
20060705,-3181
20060706,-2482
20060707,-1239
20060708,-2677
20060709,-3528
20060710,-3481
20060711,-4505
20060712,-3422
20060713,-4248
20060714,-3475
20060715,-3497
20060716,-2625
20060717,-2141
20060718,-1591
20060719,-1572
20060720,-2731
20060721,-2530
20060722,-3429
20060723,-3099
20060724,-2990
20060725,-3494
20060726,-2800
20060727,-1995
20060728,-1330
20060729,-1393
20060730,-1471
20060731,-3086
20060801,-4327
20060802,-5641
20060803,-1311
20060804,-3033
20060805,-2281
20060806,-2150
20060807,-3277
20060808,-3319
20060809,-3197
20060810,-391
20060811,-1439
20060812,-2270
20060813,-1648
20060814,-731
20060815,-2814
20060816,-1202
20060817,-2384
20060818,-880
20060819,-1995
20060820,-2414
20060821,-2187
20060822,-3485
20060823,-4344
20060824,-2808
20060825,-1742
20060826,-2932
20060827,-3081
20060828,-2588
20060829,-1723
20060830,-971
20060831,-1310
20060901,-1822
20060902,-1912
20060903,-2943
20060904,-2086
20060905,-1414
20060906,-1415
20060907,1390
20060908,-2417
20060909,-1373
20060910,-1170
20060911,-699
20060912,521
20060913,-716
20060914,-3694
20060915,-2484
20060916,-2270
20060917,-813
20060918,-1040
20060919,-1539
20060920,-3214
20060921,-2285
20060922,-2746
20060923,-1802
20060924,-1010
20060925,173
20060926,-1581
20060927,-3369
20060928,-1321
20060929,-2107
20060930,-1573
20061001,-1098
20061002,-628
20061003,-532
20061004,-733
20061005,-1794
20061006,-1241
20061007,-954
20061008,-2940
20061009,-1664
20061010,-1838
20061011,-89
20061012,-131
20061013,8
20061014,-770
20061015,-2149
20061016,-2053
20061017,-1116
20061018,-138
20061019,171
20061020,-592
20061021,-59
20061022,-91
20061023,-549
20061024,277
20061025,370
20061026,847
20061027,-758
20061028,-379
20061029,-311
20061030,-983
20061031,-45
20061101,150
20061102,96
20061103,1292
20061104,380
20061105,-1019
20061106,-2088
20061107,-1876
20061108,-2305
20061109,734
20061110,-508
20061111,-401
20061112,180
20061113,-1235
20061114,-1045
20061115,468
20061116,266
20061117,-43
20061118,498
20061119,286
20061120,-2052
20061121,-1050
20061122,-2002
20061123,1153
20061124,152
20061125,306
20061126,-124
20061127,242
20061128,117
20061129,257
20061130,598
20061201,-9
20061202,-857
20061203,-1340
20061204,-1315
20061205,-1439
20061206,-1656
20061207,-1080
20061208,114
20061209,-28
20061210,-4
20061211,-616
20061212,-2190
20061213,-1001
20061214,220
20061215,1143
20061216,183
20061217,-477
20061218,-825
20061219,-966
20061220,-676
20061221,94
20061222,1267
20061223,1072
20061224,-26
20061225,-341
20061226,-270
20061227,-777
20061228,-1251
20061229,1762
20061230,2405
20061231,1706
20070101,2026
20070102,1549
20070103,87
20070104,709
20070105,-171
20070106,-723
20070107,178
20070108,744
20070109,-228
20070110,-396
20070111,-791
20070112,-551
20070113,-196
20070114,-1216
20070115,-1915
20070116,-2554
20070117,-1838
20070118,-570
20070119,-1258
20070120,-820
20070121,-1268
20070122,-179
20070123,-384
20070124,-725
20070125,-825
20070126,-493
20070127,-733
20070128,-506
20070129,859
20070130,594
20070131,-531
20070201,-509
20070202,135
20070203,-597
20070204,-171
20070205,-23
20070206,-898
20070207,-678
20070208,-1140
20070209,69
20070210,518
20070211,369
20070212,-1240
20070213,-1686
20070214,-949
20070215,-3083
20070216,706
20070217,-473
20070218,-1729
20070219,-2796
20070220,-2904
20070221,-867
20070222,50
20070223,-1386
20070224,-1442
20070225,-2529
20070226,-2734
20070227,-1876
20070228,-1786
20070301,559
20070302,-1442
20070303,-1072
20070304,-1005
20070305,-1926
20070306,-1551
20070307,-559
20070308,-568
20070309,-874
20070310,-1582
20070311,-1068
20070312,-718
20070313,-1790
20070314,-1360
20070315,-183
20070316,-983
20070317,-1333
20070318,601
20070319,-587
20070320,-1889
20070321,-2714
20070322,-1911
20070323,-2526
20070324,1049
20070325,-385
20070326,-1812
20070327,-921
20070328,44
20070329,-252
20070330,-592
20070331,-2923
20070401,-2320
20070402,-2237
20070403,-3050
20070404,-2278
20070405,-1383
20070406,-2218
20070407,-871
20070408,-1524
20070409,-2689
20070410,-1706
20070411,-2313
20070412,-1507
20070413,-607
20070414,-1306
20070415,-1003
20070416,-2318
20070417,-3282
20070418,-2814
20070419,-1514
20070420,-925
20070421,-627
20070422,-20
20070423,-879
20070424,-1971
20070425,-2256
20070426,-2081
20070427,-1409
20070428,-1636
20070429,-1217
20070430,-2006
20070501,-3005
20070502,-2657
20070503,-3210
20070504,-2317
20070505,-1797
20070506,-214
20070507,-2057
20070508,-1297
20070509,-2679
20070510,-3200
20070511,-1510
20070512,-2504
20070513,-3685
20070514,-3122
20070515,-3611
20070516,-2902
20070517,-144
20070518,-2600
20070519,-2666
20070520,-2071
20070521,-2534
20070522,-2372
20070523,-2380
20070524,-586
20070525,-2693
20070526,-1653
20070527,-937
20070528,-1551
20070529,-1988
20070530,-2302
20070531,-3276
20070601,-2347
20070602,-3472
20070603,-4567
20070604,-3391
20070605,-3175
20070606,-2539
20070607,-1491
20070608,-387
20070609,-2059
20070610,-2586
20070611,-2279
20070612,-3233
20070613,-5531
20070614,-846
20070615,-3237
20070616,-2370
20070617,-2574
20070618,-2653
20070619,-2617
20070620,-2843
20070621,-2124
20070622,-1285
20070623,-1679
20070624,-2801
20070625,-3095
20070626,-3033
20070627,-4235
20070628,-2873
20070629,-1776
20070630,-4312
20070701,-2083
20070702,-2568
20070703,-2881
20070704,-3825
20070705,-717
20070706,-2639
20070707,-3888
20070708,-3893
20070709,-2998
20070710,-3065
20070711,-2637
20070712,-1274
20070713,-3743
20070714,-1676
20070715,-2183
20070716,-2504
20070717,-3478
20070718,-3819
20070719,-3201
20070720,-3655
20070721,-3448
20070722,-2286
20070723,-2245
20070724,-2122
20070725,-1757
20070726,-1961
20070727,-2196
20070728,-3181
20070729,-1685
20070730,-1819
20070731,-2139
20070801,-2443
20070802,-1919
20070803,-2695
20070804,-2425
20070805,-1790
20070806,-1994
20070807,-2219
20070808,-2985
20070809,-930
20070810,-3942
20070811,-2376
20070812,-2351
20070813,-2409
20070814,-3638
20070815,-4659
20070816,-1636
20070817,-2953
20070818,-2020
20070819,-3349
20070820,-3102
20070821,-2426
20070822,-1423
20070823,-1302
20070824,-596
20070825,-3405
20070826,-3860
20070827,-3636
20070828,-2970
20070829,-1964
20070830,-2537
20070831,-557
20070901,-2431
20070902,-1978
20070903,-1834
20070904,-2214
20070905,-1650
20070906,-2229
20070907,-1630
20070908,-2778
20070909,-3217
20070910,-2648
20070911,-2277
20070912,-1815
20070913,-1045
20070914,-1025
20070915,-1580
20070916,-2730
20070917,-2625
20070918,-2762
20070919,-3251
20070920,-1601
20070921,-2028
20070922,-1411
20070923,-1391
20070924,-1334
20070925,-1467
20070926,-788
20070927,-762
20070928,-1213
20070929,-1664
20070930,-1271
20071001,-1243
20071002,-1167
20071003,-1200
20071004,-1253
20071005,-1331
20071006,-732
20071007,8
20071008,-989
20071009,-1926
20071010,-2271
20071011,-129
20071012,-787
20071013,-323
20071014,-477
20071015,-1251
20071016,-1106
20071017,-711
20071018,450
20071019,-596
20071020,-635
20071021,-679
20071022,-507
20071023,-459
20071024,440
20071025,-582
20071026,-20
20071027,-1313
20071028,-1432
20071029,-1629
20071030,-1025
20071031,254
20071101,-44
20071102,562
20071103,-71
20071104,-483
20071105,-763
20071106,-1313
20071107,-1246
20071108,-77
20071109,-243
20071110,-552
20071111,-252
20071112,470
20071113,-686
20071114,602
20071115,81
20071116,640
20071117,111
20071118,-1318
20071119,37
20071120,-1199
20071121,-125
20071122,130
20071123,553
20071124,723
20071125,-681
20071126,249
20071127,-998
20071128,-668
20071129,-520
20071130,343
20071201,1201
20071202,904
20071203,1292
20071204,1436
20071205,1387
20071206,1424
20071207,801
20071208,1361
20071209,228
20071210,-854
20071211,-852
20071212,-8
20071213,-21
20071214,835
20071215,1087
20071216,167
20071217,-1020
20071218,-3436
20071219,-3300
20071220,-979
20071221,-748
20071222,391
20071223,1382
20071224,188
20071225,-162
20071226,-504
20071227,-13
20071228,-1909
20071229,744
20071230,540
20071231,-718
20080101,-330
20080102,-703
20080103,1062
20080104,-171
20080105,-339
20080106,1927
20080107,-448
20080108,164
20080109,211
20080110,191
20080111,-281
20080112,-425
20080113,551
20080114,44
20080115,612
20080116,975
20080117,-700
20080118,-735
20080119,-3243
20080120,-2434
20080121,-1536
20080122,-959
20080123,-1856
20080124,462
20080125,-132
20080126,-573
20080127,404
20080128,1622
20080129,68
20080130,-1630
20080131,1
20080201,-408
20080202,88
20080203,1024
20080204,-40
20080205,-1901
20080206,-1131
20080207,-597
20080208,-713
20080209,37
20080210,-603
20080211,-946
20080212,-1878
20080213,-1678
20080214,-2603
20080215,-851
20080216,-2117
20080217,-1834
20080218,-1092
20080219,-1508
20080220,-2251
20080221,188
20080222,-1100
20080223,-551
20080224,-754
20080225,23
20080226,-99
20080227,-2666
20080228,-1376
20080229,-2398
20080301,-3129
20080302,-1434
20080303,-1487
20080304,-1384
20080305,-1108
20080306,-945
20080307,-1560
20080308,-1265
20080309,-1182
20080310,-1184
20080311,-1676
20080312,-1560
20080313,-1675
20080314,-1188
20080315,-1580
20080316,-2291
20080317,-1299
20080318,-1956
20080319,-3987
20080320,-1000
20080321,-2201
20080322,-996
20080323,-1397
20080324,-1452
20080325,-1960
20080326,-3088
20080327,-2086
20080328,-1988
20080329,-2292
20080330,-2002
20080331,-1496
20080401,-1882
20080402,-3356
20080403,-1983
20080404,-1990
20080405,-2382
20080406,-2196
20080407,-3101
20080408,-2359
20080409,-2205
20080410,-2001
20080411,-1337
20080412,-1575
20080413,-2401
20080414,-2560
20080415,-2804
20080416,-3653
20080417,-2143
20080418,-1476
20080419,-1776
20080420,-1767
20080421,-2568
20080422,-3067
20080423,-3490
20080424,-2775
20080425,-3430
20080426,-2763
20080427,-992
20080428,-2090
20080429,-2292
20080430,-2398
20080501,-1407
20080502,-1564
20080503,-1786
20080504,-2938
20080505,-2775
20080506,-2812
20080507,-3021
20080508,-1761
20080509,-2212
20080510,-2006
20080511,-1689
20080512,-1147
20080513,-2053
20080514,-2565
20080515,-1842
20080516,-2412
20080517,-2676
20080518,-2704
20080519,-2397
20080520,-2505
20080521,-2581
20080522,-1620
20080523,-1820
20080524,-944
20080525,-958
20080526,-826
20080527,-614
20080528,-1434
20080529,-1677
20080530,-857
20080531,-844
20080601,-1226
20080602,-2258
20080603,-4814
20080604,-2503
20080605,-1384
20080606,-2384
20080607,-3163
20080608,-3312
20080609,-3055
20080610,-2667
20080611,-2827
20080612,-2398
20080613,-1892
20080614,-2352
20080615,-1933
20080616,-1388
20080617,-2470
20080618,-2946
20080619,-2203
20080620,-3425
20080621,-3703
20080622,-3933
20080623,-2992
20080624,-3638
20080625,-2895
20080626,-2672
20080627,-1897
20080628,-1874
20080629,-2859
20080630,-4150
20080701,-3535
20080702,-2828
20080703,-2196
20080704,-1995
20080705,-2744
20080706,-2112
20080707,-2965
20080708,-4368
20080709,-3538
20080710,-2039
20080711,-2722
20080712,-2534
20080713,-2193
20080714,-3149
20080715,-2618
20080716,-2353
20080717,-1756
20080718,-2806
20080719,-2650
20080720,-1419
20080721,-1574
20080722,-3659
20080723,-3250
20080724,-1163
20080725,-1828
20080726,-2212
20080727,-1412
20080728,-2855
20080729,-3912
20080730,-3759
20080731,-1891
20080801,-1504
20080802,-2765
20080803,-2782
20080804,-2464
20080805,-3323
20080806,-3039
20080807,-1273
20080808,-455
20080809,-2324
20080810,-2827
20080811,-2602
20080812,-2375
20080813,-1606
20080814,-1342
20080815,-1210
20080816,-1916
20080817,-2618
20080818,-2584
20080819,-3291
20080820,-3153
20080821,-1003
20080822,-626
20080823,-3840
20080824,-3738
20080825,-2430
20080826,-1572
20080827,-1667
20080828,-384
20080829,-1132
20080830,-1347
20080831,-1897
20080901,-940
20080902,-2753
20080903,-1999
20080904,-1593
20080905,-1395
20080906,-847
20080907,-1457
20080908,-1426
20080909,-3362
20080910,-3091
20080911,-486
20080912,-1668
20080913,-1082
20080914,-749
20080915,-1329
20080916,-1143
20080917,-1329
20080918,-892
20080919,-814
20080920,-2019
20080921,-1402
20080922,-1896
20080923,-2239
20080924,-2320
20080925,-1498
20080926,-2288
20080927,-1640
20080928,-1724
20080929,-1143
20080930,-1329
20081001,-856
20081002,-1310
20081003,-889
20081004,-1748
20081005,-1324
20081006,-1785
20081007,-981
20081008,-526
20081009,-930
20081010,-877
20081011,-1042
20081012,-1244
20081013,-1573
20081014,-1889
20081015,-1235
20081016,-801
20081017,-478
20081018,425
20081019,-69
20081020,-1217
20081021,-1665
20081022,-1604
20081023,-607
20081024,-381
20081025,-930
20081026,-667
20081027,-733
20081028,-1038
20081029,-480
20081030,-109
20081031,354
20081101,-254
20081102,-544
20081103,-854
20081104,-820
20081105,-1218
20081106,-643
20081107,-1390
20081108,-702
20081109,-602
20081110,-961
20081111,-1422
20081112,-1225
20081113,-133
20081114,-140
20081115,-149
20081116,-294
20081117,-743
20081118,-495
20081119,-346
20081120,-294
20081121,-1098
20081122,-1563
20081123,178
20081124,122
20081125,1592
20081126,1288
20081127,1118
20081128,556
20081129,1243
20081130,806
20081201,558
20081202,132
20081203,660
20081204,1008
20081205,-277
20081206,-223
20081207,-269
20081208,318
20081209,1074
20081210,1555
20081211,791
20081212,596
20081213,-1387
20081214,-816
20081215,-645
20081216,587
20081217,1457
20081218,1609
20081219,1720
20081220,1111
20081221,808
20081222,1070
20081223,856
20081224,1220
20081225,1294
20081226,1946
20081227,850
20081228,-1158
20081229,-1546
20081230,315
20081231,-1529
20090101,991
20090102,-572
20090103,584
20090104,1081
20090105,627
20090106,1092
20090107,471
20090108,714
20090109,1290
20090110,871
20090111,-130
20090112,-487
20090113,-373
20090114,109
20090115,-1666
20090116,-256
20090117,-1168
20090118,-1142
20090119,-1248
20090120,-1458
20090121,-1155
20090122,-1971
20090123,-2680
20090124,-554
20090125,-865
20090126,-1512
20090127,-1646
20090128,-1727
20090129,-1215
20090130,-1172
20090131,-2105
20090201,-931
20090202,-828
20090203,-1506
20090204,-917
20090205,-26
20090206,-536
20090207,-324
20090208,-117
20090209,-132
20090210,688
20090211,-351
20090212,-87
20090213,705
20090214,836
20090215,909
20090216,-735
20090217,-1481
20090218,-1104
20090219,-394
20090220,-982
20090221,-1577
20090222,-2066
20090223,-781
20090224,-2328
20090225,-581
20090226,284
20090227,-868
20090228,-2105
20090301,-1984
20090302,-2825
20090303,-1776
20090304,-2020
20090305,-1416
20090306,-1937
20090307,-1449
20090308,-1302
20090309,-335
20090310,-1002
20090311,-939
20090312,-1880
20090313,-1517
20090314,-1203
20090315,-1400
20090316,-1194
20090317,-2086
20090318,-3104
20090319,-1786
20090320,-2890
20090321,-1782
20090322,-1395
20090323,-1412
20090324,-1591
20090325,-2284
20090326,-1487
20090327,-1803
20090328,-1792
20090329,-1388
20090330,-1570
20090331,-2597
20090401,-3985
20090402,-1207
20090403,-2669
20090404,-2568
20090405,-2940
20090406,-2995
20090407,-2994
20090408,-2793
20090409,327
20090410,-3405
20090411,-1563
20090412,-1275
20090413,-2175
20090414,-1872
20090415,-2393
20090416,-696
20090417,-1008
20090418,-849
20090419,-1085
20090420,-2286
20090421,-3401
20090422,-3166
20090423,-2690
20090424,-3906
20090425,-1786
20090426,-1785
20090427,-2292
20090428,-2392
20090429,-2331
20090430,-1246
20090501,-2469
20090502,-1388
20090503,-2811
20090504,-2083
20090505,-1856
20090506,-2451
20090507,-1596
20090508,-765
20090509,-1097
20090510,-1945
20090511,-3113
20090512,-4083
20090513,-3011
20090514,-2131
20090515,-1721
20090516,-1972
20090517,-1774
20090518,-1812
20090519,-1770
20090520,-2182
20090521,-2149
20090522,-1707
20090523,-1087
20090524,-2533
20090525,-1309
20090526,-1717
20090527,-2245
20090528,-1968
20090529,-1169
20090530,-2441
20090531,-3432
20090601,-3101
20090602,-2198
20090603,-1686
20090604,-1783
20090605,-1515
20090606,-1316
20090607,-1158
20090608,-2589
20090609,-1912
20090610,-2448
20090611,-966
20090612,-2223
20090613,-3016
20090614,-3218
20090615,-2865
20090616,-1597
20090617,-2143
20090618,-269
20090619,-1203
20090620,-1832
20090621,-3245
20090622,-2101
20090623,-3036
20090624,-2396
20090625,-2100
20090626,-2293
20090627,-1684
20090628,-793
20090629,-940
20090630,-3133
20090701,-3852
20090702,-2164
20090703,-979
20090704,-92
20090705,-2544
20090706,-2077
20090707,-2980
20090708,-3110
20090709,-2255
20090710,-1482
20090711,-2953
20090712,-3369
20090713,-1881
20090714,-2720
20090715,-2738
20090716,-2137
20090717,-3015
20090718,-3685
20090719,-3077
20090720,-2738
20090721,-2065
20090722,-2744
20090723,-1742
20090724,-2035
20090725,-1046
20090726,-2123
20090727,-2113
20090728,-2011
20090729,-2269
20090730,-1447
20090731,-1905
20090801,-1320
20090802,-1240
20090803,-2727
20090804,-3102
20090805,-3203
20090806,-1572
20090807,-415
20090808,-2165
20090809,-1601
20090810,-1923
20090811,-5032
20090812,-4150
20090813,-656
20090814,-2068
20090815,-1622
20090816,-2026
20090817,-3465
20090818,-4251
20090819,-3266
20090820,-1653
20090821,-782
20090822,-604
20090823,-2417
20090824,-3187
20090825,-2384
20090826,-2778
20090827,-247
20090828,-2098
20090829,-1870
20090830,-1484
20090831,-2435
20090901,-1202
20090902,-1676
20090903,95
20090904,-983
20090905,-1032
20090906,-1184
20090907,-1225
20090908,-88
20090909,-1041
20090910,-1044
20090911,-921
20090912,-1229
20090913,-1922
20090914,-1043
20090915,-2052
20090916,-2105
20090917,-2964
20090918,-2106
20090919,-2491
20090920,-2384
20090921,-2551
20090922,-1999
20090923,-1502
20090924,-1425
20090925,338
20090926,-1530
20090927,-3144
20090928,-866
20090929,-3052
20090930,-2395
20091001,1
20091002,-671
20091003,289
20091004,-2470
20091005,-1847
20091006,-583
20091007,-466
20091008,319
20091009,-420
20091010,-850
20091011,-1679
20091012,-1068
20091013,-110
20091014,694
20091015,306
20091016,-268
20091017,-717
20091018,-1707
20091019,-2136
20091020,-1212
20091021,-1513
20091022,-74
20091023,94
20091024,316
20091025,243
20091026,-1321
20091027,-1774
20091028,-1945
20091029,-580
20091030,1097
20091031,-356
20091101,-1108
20091102,-1187
20091103,-865
20091104,-853
20091105,973
20091106,-1264
20091107,-530
20091108,-941
20091109,-289
20091110,-635
20091111,-409
20091112,906
20091113,597
20091114,-791
20091115,584
20091116,112
20091117,-138
20091118,-841
20091119,-465
20091120,-530
20091121,-843
20091122,-1006
20091123,-457
20091124,-238
20091125,-250
20091126,271
20091127,420
20091128,887
20091129,-102
20091130,-248
20091201,310
20091202,-296
20091203,-392
20091204,-1165
20091205,-1008
20091206,-577
20091207,433
20091208,13
20091209,-42
20091210,734
20091211,1276
20091212,627
20091213,390
20091214,-1195
20091215,-528
20091216,30
20091217,1898
20091218,883
20091219,208
20091220,-867
20091221,-1889
20091222,-1107
20091223,280
20091224,1490
20091225,507
20091226,-203
20091227,-667
20091228,455
20091229,-1184
20091230,-706
20091231,1026
20100101,74
20100102,1208
20100103,2115
20100104,955
20100105,283
20100106,-19
20100107,396
20100108,-362
20100109,140
20100110,504
20100111,-982
20100112,-1113
20100113,-453
20100114,-836
20100115,-366
20100116,-779
20100117,-1436
20100118,1231
20100119,1562
20100120,1727
20100121,1472
20100122,1025
20100123,715
20100124,629
20100125,582
20100126,834
20100127,296
20100128,822
20100129,1239
20100130,1379
20100131,-106
20100201,358
20100202,-104
20100203,-1862
20100204,-97
20100205,308
20100206,1245
20100207,-849
20100208,473
20100209,1235
20100210,916
20100211,1575
20100212,1733
20100213,1057
20100214,515
20100215,-1729
20100216,-3158
20100217,61
20100218,-158
20100219,-2783
20100220,-539
20100221,-1443
20100222,-157
20100223,-376
20100224,-582
20100225,-1081
20100226,316
20100227,-1576
20100228,-2279
20100301,-1375
20100302,-2333
20100303,-1592
20100304,-251
20100305,-1276
20100306,-2251
20100307,-455
20100308,669
20100309,246
20100310,-376
20100311,-1006
20100312,600
20100313,-580
20100314,-1199
20100315,-965
20100316,-2107
20100317,-2495
20100318,-3400
20100319,-2816
20100320,-3312
20100321,-3438
20100322,-2959
20100323,-1318
20100324,-2045
20100325,50
20100326,-1880
20100327,-2777
20100328,-2267
20100329,-1890
20100330,-621
20100331,-1137
20100401,251
20100402,-4688
20100403,-2888
20100404,-1791
20100405,-1893
20100406,-2111
20100407,-2594
20100408,921
20100409,-2150
20100410,-1692
20100411,-653
20100412,-880
20100413,-3059
20100414,-2794
20100415,83
20100416,-3009
20100417,-1476
20100418,-2285
20100419,-2767
20100420,-1422
20100421,-2269
20100422,177
20100423,-1719
20100424,-1647
20100425,-1602
20100426,-2319
20100427,-1411
20100428,-3835
20100429,2763
20100430,-2991
20100501,-1792
20100502,-2811
20100503,-2530
20100504,-2525
20100505,-1579
20100506,134
20100507,-2663
20100508,-2861
20100509,-2785
20100510,-2958
20100511,-1956
20100512,-2792
20100513,746
20100514,-2724
20100515,-2217
20100516,-2124
20100517,-2703
20100518,-2564
20100519,-2053
20100520,-763
20100521,-2729
20100522,-1945
20100523,-1610
20100524,-1055
20100525,-1147
20100526,-2673
20100527,-2117
20100528,-2154
20100529,-2517
20100530,-1601
20100531,-2240
20100601,-1394
20100602,-2076
20100603,77
20100604,-3845
20100605,-3236
20100606,-1666
20100607,-2094
20100608,-2976
20100609,-4145
20100610,-956
20100611,-2880
20100612,-1586
20100613,-1744
20100614,-1349
20100615,-2558
20100616,-4793
20100617,-592
20100618,-3360
20100619,-2431
20100620,-2299
20100621,-2490
20100622,-2532
20100623,-2854
20100624,889
20100625,-3395
20100626,-2338
20100627,-1749
20100628,-2656
20100629,-3250
20100630,-3278
20100701,-2449
20100702,-2822
20100703,-3240
20100704,-3292
20100705,-2370
20100706,-2695
20100707,-2627
20100708,-914
20100709,-2562
20100710,-2813
20100711,-3073
20100712,-3455
20100713,-4059
20100714,-3340
20100715,-2644
20100716,-1928
20100717,-2548
20100718,-2796
20100719,-2398
20100720,-2534
20100721,-2626
20100722,-3082
20100723,-3990
20100724,-3310
20100725,-3240
20100726,-2637
20100727,-3205
20100728,-2647
20100729,-1281
20100730,-2864
20100731,-2153
20100801,-2219
20100802,-2105
20100803,-2963
20100804,-2290
20100805,-3205
20100806,-2235
20100807,-3352
20100808,-2794
20100809,-3825
20100810,-2976
20100811,-3193
20100812,-1529
20100813,-2093
20100814,-2740
20100815,-2691
20100816,-1767
20100817,-2307
20100818,-3160
20100819,-1726
20100820,-1627
20100821,-2621
20100822,-3307
20100823,-3215
20100824,-2238
20100825,-3430
20100826,-125
20100827,-2878
20100828,-2317
20100829,-2568
20100830,-2551
20100831,-2333
20100901,-2337
20100902,631
20100903,-2221
20100904,-1566
20100905,-1249
20100906,-1529
20100907,-1648
20100908,-3468
20100909,-980
20100910,-2737
20100911,-2580
20100912,-2665
20100913,-2670
20100914,-1839
20100915,-1543
20100916,-1451
20100917,-1286
20100918,-1068
20100919,-882
20100920,-1704
20100921,-3424
20100922,-2061
20100923,-2107
20100924,-1829
20100925,-1803
20100926,-2072
20100927,-1637
20100928,-1648
20100929,-1952
20100930,-793
20101001,-972
20101002,-1236
20101003,-791
20101004,-779
20101005,-867
20101006,-1658
20101007,-1616
20101008,-713
20101009,-1048
20101010,-1196
20101011,-1023
20101012,-1208
20101013,-1231
20101014,280
20101015,-518
20101016,-1025
20101017,-836
20101018,11
20101019,-718
20101020,-1595
20101021,1466
20101022,-761
20101023,-660
20101024,14
20101025,-418
20101026,-373
20101027,-494
20101028,1664
20101029,-124
20101030,-1797
20101031,-1447
20101101,-1187
20101102,-1123
20101103,-604
20101104,426
20101105,-533
20101106,43
20101107,-143
20101108,-1397
20101109,-1065
20101110,-2769
20101111,779
20101112,-1096
20101113,-20
20101114,-142
20101115,-894
20101116,-945
20101117,-1637
20101118,123
20101119,-283
20101120,-361
20101121,-1448
20101122,574
20101123,461
20101124,500
20101125,522
20101126,-1029
20101127,-950
20101128,-488
20101129,-302
20101130,-975
20101201,-912
20101202,573
20101203,-722
20101204,-355
20101205,-917
20101206,-587
20101207,-889
20101208,-511
20101209,253
20101210,-319
20101211,-210
20101212,-329
20101213,111
20101214,-339
20101215,469
20101216,234
20101217,-120
20101218,-76
20101219,-426
20101220,5
20101221,1256
20101222,915
20101223,1420
20101224,625
20101225,804
20101226,1049
20101227,1083
20101228,990
20101229,439
20101230,1093
20101231,3
20110101,656
20110102,977
20110103,653
20110104,166
20110105,739
20110106,854
20110107,-62
20110108,208
20110109,-318
20110110,-73
20110111,-82
20110112,672
20110113,1097
20110114,99
20110115,175
20110116,-1350
20110117,-1202
20110118,-2326
20110119,-1921
20110120,-1079
20110121,-2742
20110122,-2340
20110123,-1087
20110124,-1243
20110125,-445
20110126,-864
20110127,-1175
20110128,-1456
20110129,-556
20110130,-696
20110131,-140
20110201,-1067
20110202,-2147
20110203,-836
20110204,123
20110205,616
20110206,-356
20110207,-125
20110208,-1566
20110209,-467
20110210,-757
20110211,-534
20110212,-907
20110213,-829
20110214,539
20110215,-550
20110216,-1751
20110217,-1518
20110218,-1513
20110219,51
20110220,-197
20110221,54
20110222,-611
20110223,883
20110224,669
20110225,-296
20110226,-91
20110227,491
20110228,-1974
20110301,-2134
20110302,-1492
20110303,114
20110304,-798
20110305,-645
20110306,-617
20110307,-306
20110308,-1226
20110309,-1931
20110310,-1092
20110311,-3578
20110312,-3702
20110313,-2198
20110314,-1219
20110315,-792
20110316,-1047
20110317,-676
20110318,-1616
20110319,-1449
20110320,-443
20110321,-834
20110322,-1787
20110323,-730
20110324,-762
20110325,-1511
20110326,-1492
20110327,-1094
20110328,-1600
20110329,-2035
20110330,-2521
20110331,-1993
20110401,-3618
20110402,-2416
20110403,-1996
20110404,-2015
20110405,-2969
20110406,-2505
20110407,-1306
20110408,-2703
20110409,-1955
20110410,-2556
20110411,-2013
20110412,-1801
20110413,-996
20110414,1310
20110415,-1893
20110416,-2733
20110417,-1319
20110418,-1794
20110419,-3701
20110420,-2895
20110421,614
20110422,-4011
20110423,-1896
20110424,-1901
20110425,-1695
20110426,-1405
20110427,-509
20110428,-1051
20110429,-1198
20110430,-1203
20110501,-1308
20110502,-1800
20110503,-2620
20110504,-3442
20110505,-1733
20110506,-2886
20110507,-2590
20110508,-2510
20110509,-1916
20110510,-1684
20110511,-1843
20110512,-862
20110513,-1704
20110514,-2184
20110515,-2639
20110516,-1745
20110517,-2499
20110518,-1942
20110519,-304
20110520,-1784
20110521,-1583
20110522,-1668
20110523,-1901
20110524,-2459
20110525,-1678
20110526,-1204
20110527,-2929
20110528,-2926
20110529,-1966
20110530,-2244
20110531,-2266
20110601,-1919
20110602,-1007
20110603,-3252
20110604,-3470
20110605,-2294
20110606,-2967
20110607,-3212
20110608,-1673
20110609,-1472
20110610,-3607
20110611,-1592
20110612,-2572
20110613,-2022
20110614,-1479
20110615,-2264
20110616,-1000
20110617,-3746
20110618,-2770
20110619,-2242
20110620,-1987
20110621,-3830
20110622,-3059
20110623,-1738
20110624,-4601
20110625,-3586
20110626,-2598
20110627,-2596
20110628,-2137
20110629,-2275
20110630,-1909
20110701,-4689
20110702,-3374
20110703,-2580
20110704,-2485
20110705,-2481
20110706,-1500
20110707,-1139
20110708,-2110
20110709,-1156
20110710,-1310
20110711,-1910
20110712,-1593
20110713,-2643
20110714,-2996
20110715,-3225
20110716,-3380
20110717,-2814
20110718,-2741
20110719,-3298
20110720,-3366
20110721,-2386
20110722,-3005
20110723,-2805
20110724,-2307
20110725,-1999
20110726,-2818
20110727,-2361
20110728,-2229
20110729,-3159
20110730,-1951
20110731,-2113
20110801,-2511
20110802,-2881
20110803,-3099
20110804,-2051
20110805,-3233
20110806,-2939
20110807,-2899
20110808,-2507
20110809,-2878
20110810,-2710
20110811,-517
20110812,-3218
20110813,-2761
20110814,-3049
20110815,-3109
20110816,-3160
20110817,-2344
20110818,-1533
20110819,-2696
20110820,-2164
20110821,-2486
20110822,-2384
20110823,-3078
20110824,-2772
20110825,-1329
20110826,-2600
20110827,-2230
20110828,-2491
20110829,-2448
20110830,-2601
20110831,-2928
20110901,-959
20110902,-2244
20110903,-2176
20110904,-1944
20110905,-2286
20110906,-2510
20110907,-1830
20110908,-1331
20110909,-2200
20110910,-2254
20110911,-2246
20110912,-2548
20110913,-2373
20110914,-1394
20110915,81
20110916,-1452
20110917,-852
20110918,-1724
20110919,-976
20110920,-1412
20110921,-1812
20110922,-576
20110923,-1115
20110924,-1760
20110925,-1603
20110926,-1087
20110927,-2644
20110928,-2125
20110929,266
20110930,-1733
20111001,-1780
20111002,-1895
20111003,-2028
20111004,-1366
20111005,-1178
20111006,-694
20111007,-985
20111008,-1227
20111009,-1177
20111010,-1100
20111011,-1814
20111012,-1406
20111013,351
20111014,-1064
20111015,-762
20111016,-1050
20111017,-1158
20111018,-1558
20111019,-884
20111020,964
20111021,-1193
20111022,-518
20111023,-902
20111024,-329
20111025,-1109
20111026,-395
20111027,372
20111028,-723
20111029,-777
20111030,-783
20111031,-192
20111101,-809
20111102,-581
20111103,73
20111104,-506
20111105,-890
20111106,66
20111107,6
20111108,-59
20111109,-16
20111110,903
20111111,-460
20111112,268
20111113,209
20111114,238
20111115,288
20111116,128
20111117,830
20111118,256
20111119,476
20111120,900
20111121,-123
20111122,-305
20111123,-66
20111124,45
20111125,93
20111126,-154
20111127,-225
20111128,-1015
20111129,-1717
20111130,-1073
20111201,-10
20111202,283
20111203,135
20111204,-432
20111205,-1077
20111206,-466
20111207,-1566
20111208,1025
20111209,-72
20111210,287
20111211,919
20111212,134
20111213,874
20111214,744
20111215,1455
20111216,435
20111217,110
20111218,177
20111219,532
20111220,897
20111221,777
20111222,680
20111223,-602
20111224,515
20111225,865
20111226,589
20111227,-336
20111228,-1298
20111229,431
20111230,-433
20111231,444
20120101,650
20120102,558
20120103,762
20120104,573
20120105,782
20120106,489
20120107,382
20120108,-288
20120109,951
20120110,-301
20120111,-214
20120112,238
20120113,35
20120114,-699
20120115,-797
20120116,-1075
20120117,-1233
20120118,-1145
20120119,-1231
20120120,-1293
20120121,-1077
20120122,-1206
20120123,-1129
20120124,-1066
20120125,-1204
20120126,-331
20120127,-995
20120128,-1032
20120129,-1128
20120130,-828
20120131,-1180
20120201,-1291
20120202,342
20120203,-694
20120204,-596
20120205,-758
20120206,-1135
20120207,-1166
20120208,-913
20120209,-241
20120210,-618
20120211,-807
20120212,-1191
20120213,-1173
20120214,-1313
20120215,-2385
20120216,242
20120217,-1054
20120218,-502
20120219,-737
20120220,-340
20120221,-1701
20120222,-1682
20120223,-15
20120224,-2057
20120225,-2443
20120226,-1773
20120227,-1833
20120228,-1750
20120229,-3152
20120301,-269
20120302,-1183
20120303,-996
20120304,-934
20120305,-1198
20120306,-1770
20120307,-1497
20120308,-1216
20120309,-1425
20120310,-2108
20120311,-1503
20120312,-1202
20120313,-2596
20120314,-2186
20120315,-222
20120316,-1603
20120317,-1812
20120318,-1600
20120319,-1106
20120320,-2411
20120321,-1856
20120322,-445
20120323,-1109
20120324,-1195
20120325,-1994
20120326,-1792
20120327,-2895
20120328,-2906
20120329,-1483
20120330,-2481
20120331,-1924
20120401,-2604
20120402,-3112
20120403,-2777
20120404,-3426
20120405,1804
20120406,-1993
20120407,-1096
20120408,-1301
20120409,-989
20120410,-1901
20120411,-1700
20120412,-504
20120413,-2004
20120414,-1799
20120415,-2807
20120416,-1392
20120417,-1899
20120418,-3367
20120419,909
20120420,-2325
20120421,-1641
20120422,-2199
20120423,-3483
20120424,-2495
20120425,-3391
20120426,1204
20120427,-2485
20120428,-1793
20120429,-1893
20120430,-1387
20120501,-2194
20120502,-2615
20120503,-1311
20120504,-1429
20120505,-1694
20120506,-1806
20120507,-2121
20120508,-2525
20120509,-2884
20120510,-923
20120511,-2328
20120512,-2900
20120513,-2495
20120514,-2290
20120515,-2536
20120516,-3310
20120517,-1501
20120518,-2413
20120519,-2410
20120520,-1917
20120521,-2441
20120522,-3899
20120523,-3409
20120524,-1640
20120525,-2208
20120526,-2373
20120527,-2256
20120528,-2012
20120529,-2364
20120530,-2916
20120531,-1532
20120601,-2383
20120602,-2367
20120603,-2529
20120604,-2725
20120605,-3371
20120606,-3908
20120607,-2130
20120608,-1903
20120609,-2645
20120610,-3293
20120611,-2573
20120612,-2585
20120613,-2452
20120614,-1686
20120615,-3277
20120616,-3274
20120617,-2500
20120618,-2791
20120619,-2487
20120620,-3537
20120621,-1206
20120622,-2195
20120623,-2197
20120624,-3107
20120625,-3004
20120626,-3698
20120627,-4378
20120628,-1570
20120629,-2809
20120630,-3184
20120701,-2901
20120702,-2700
20120703,-3103
20120704,-3465
20120705,-1639
20120706,-2360
20120707,-1793
20120708,-2502
20120709,-3068
20120710,-3336
20120711,1687
20120712,689
20120713,-890
20120714,142
20120715,320
20120716,631
20120717,-506
20120718,-1642
20120719,-1066
20120720,-2036
20120721,-2455
20120722,-2909
20120723,-3207
20120724,-2780
20120725,-3743
20120726,-1669
20120727,-3008
20120728,-2299
20120729,-1647
20120730,-1344
20120731,-1336
20120801,-50
20120802,-871
20120803,-1980
20120804,-768
20120805,-1869
20120806,-1648
20120807,-3242
20120808,-3756
20120809,-2672
20120810,-2929
20120811,-2423
20120812,-2998
20120813,-2739
20120814,-1891
20120815,-2089
20120816,-935
20120817,-1480
20120818,-2717
20120819,-2227
20120820,-1230
20120821,-2155
20120822,-1785
20120823,686
20120824,-1346
20120825,-1576
20120826,-969
20120827,-1385
20120828,-2076
20120829,-3129
20120830,-2045
20120831,-2029
20120901,-2475
20120902,-1369
20120903,-2396
20120904,-1366
20120905,-1450
20120906,-957
20120907,-3059
20120908,-1838
20120909,-1672
20120910,-1230
20120911,-1076
20120912,-558
20120913,-30
20120914,-1646
20120915,-2185
20120916,-2234
20120917,-2363
20120918,-1618
20120919,-1829
20120920,-773
20120921,-2155
20120922,-1890
20120923,-2149
20120924,-2337
20120925,-3500
20120926,-2838
20120927,-780
20120928,-1712
20120929,-1866
20120930,-1468
20121001,-1826
20121002,-2069
20121003,-853
20121004,-1199
20121005,-1618
20121006,-1547
20121007,-1362
20121008,-1748
20121009,-1643
20121010,-1220
20121011,-89
20121012,-882
20121013,-835
20121014,-184
20121015,-284
20121016,-544
20121017,116
20121018,262
20121019,-732
20121020,-739
20121021,-1235
20121022,-553
20121023,-1329
20121024,169
20121025,-441
20121026,-666
20121027,-329
20121028,-699
20121029,-1272
20121030,-1496
20121031,-578
20121101,-299
20121102,-624
20121103,-561
20121104,-198
20121105,-826
20121106,-595
20121107,-826
20121108,-273
20121109,-156
20121110,133
20121111,-255
20121112,-685
20121113,-687
20121114,-291
20121115,770
20121116,-23
20121117,-278
20121118,-791
20121119,-275
20121120,-676
20121121,-127
20121122,685
20121123,325
20121124,115
20121125,-541
20121126,391
20121127,55
20121128,-84
20121129,531
20121130,-511
20121201,-397
20121202,-519
20121203,-138
20121204,-521
20121205,-264
20121206,334
20121207,134
20121208,-229
20121209,-592
20121210,3
20121211,-1445
20121212,370
20121213,582
20121214,808
20121215,-284
20121216,734
20121217,81
20121218,528
20121219,527
20121220,901
20121221,587
20121222,431
20121223,-390
20121224,-770
20121225,669
20121226,-278
20121227,531
20121228,-728
20121229,2802
20121230,217
20121231,504
20130101,131
20130102,-22
20130103,874
20130104,-134
20130105,912
20130106,709
20130107,1817
20130108,707
20130109,1270
20130110,813
20130111,-112
20130112,51
20130113,-419
20130114,-409
20130115,-542
20130116,-956
20130117,407
20130118,-69
20130119,-656
20130120,-605
20130121,-999
20130122,-2274
20130123,-2571
20130124,-1524
20130125,524
20130126,137
20130127,743
20130128,540
20130129,562
20130130,401
20130131,853
20130201,-381
20130202,69
20130203,-457
20130204,-846
20130205,-510
20130206,-438
20130207,666
20130208,-720
20130209,-451
20130210,-479
20130211,-1078
20130212,-1771
20130213,-2356
20130214,-332
20130215,-1407
20130216,-1566
20130217,-454
20130218,-1462
20130219,-1596
20130220,-1048
20130221,-138
20130222,-2219
20130223,-1767
20130224,-1130
20130225,-1397
20130226,-1597
20130227,-1517
20130228,-1014
20130301,-1652
20130302,-1530
20130303,-2061
20130304,-2556
20130305,-2174
20130306,-1505
20130307,-809
20130308,-1234
20130309,-444
20130310,-576
20130311,-1182
20130312,-2534
20130313,-2552
20130314,-2248
20130315,-2537
20130316,-2380
20130317,-1884
20130318,-1796
20130319,-2198
20130320,-1210
20130321,-755
20130322,-1593
20130323,-2072
20130324,-1686
20130325,-2388
20130326,-2663
20130327,-2549
20130328,-300
20130329,-2214
20130330,-1501
20130331,-1584
20130401,-2123
20130402,-1997
20130403,-2090
20130404,-1943
20130405,-2290
20130406,-2495
20130407,-1904
20130408,-2295
20130409,-1489
20130410,-3391
20130411,1372
20130412,-1894
20130413,-2097
20130414,-2095
20130415,-2228
20130416,-2597
20130417,-2307
20130418,-630
20130419,-1211
20130420,-1706
20130421,-2688
20130422,-3496
20130423,-3505
20130424,-4015
20130425,-303
20130426,-3205
20130427,-1987
20130428,-2393
20130429,-2312
20130430,-1802
20130501,-2929
20130502,-1178
20130503,-2490
20130504,-2403
20130505,-2157
20130506,-1831
20130507,-2214
20130508,-1978
20130509,-2707
20130510,-2555
20130511,-1935
20130512,-2530
20130513,-2463
20130514,-3023
20130515,-3880
20130516,-1143
20130517,-2525
20130518,-2448
20130519,-2569
20130520,-2207
20130521,-2415
20130522,-2052
20130523,-2023
20130524,-2129
20130525,-2752
20130526,-2523
20130527,-2237
20130528,-3064
20130529,-3243
20130530,-1304
20130531,-2728
20130601,-2994
20130602,-2813
20130603,-3053
20130604,-3019
20130605,-3225
20130606,-1428
20130607,-3003
20130608,-3034
20130609,-2863
20130610,-3059
20130611,-2829
20130612,-3628
20130613,-930
20130614,-3044
20130615,-2500
20130616,-3823
20130617,-2177
20130618,-2663
20130619,-3944
20130620,-2475
20130621,-2591
20130622,-3445
20130623,-2865
20130624,-2781
20130625,-2394
20130626,-2611
20130627,-976
20130628,-2358
20130629,-3242
20130630,-2964
20130701,-3214
20130702,-3042
20130703,-2465
20130704,-465
20130705,-2483
20130706,-2860
20130707,-3122
20130708,-2539
20130709,-2435
20130710,-3623
20130711,-423
20130712,-2746
20130713,-2772
20130714,-2850
20130715,-2716
20130716,-2891
20130717,-3318
20130718,40
20130719,-1910
20130720,-1628
20130721,-1503
20130722,-1661
20130723,-2368
20130724,-1655
20130725,-792
20130726,-1190
20130727,-1192
20130728,-1146
20130729,-2841
20130730,-3141
20130731,-3137
20130801,-2931
20130802,-3172
20130803,-2927
20130804,-2310
20130805,-2682
20130806,-2745
20130807,-2162
20130808,-1336
20130809,-1914
20130810,-2059
20130811,-2099
20130812,-2081
20130813,-3241
20130814,-3646
20130815,-1292
20130816,-2434
20130817,-2027
20130818,-2564
20130819,-2348
20130820,-3774
20130821,-3484
20130822,-2041
20130823,-2333
20130824,-1028
20130825,-83
20130826,-310
20130827,-232
20130828,-727
20130829,863
20130830,-2971
20130831,-1101
20130901,-1150
20130902,-1626
20130903,-1758
20130904,-808
20130905,351
20130906,-1551
20130907,-352
20130908,-33
20130909,-2289
20130910,-315
20130911,185
20130912,762
20130913,-1579
20130914,-1746
20130915,-1675
20130916,-1817
20130917,-1748
20130918,-2032
20130919,-797
20130920,-2387
20130921,-2439
20130922,-2130
20130923,-2559
20130924,-3065
20130925,-2224
20130926,-976
20130927,-1953
20130928,-2175
20130929,-1500
20130930,-1669
20131001,-1949
20131002,-1206
20131003,-1020
20131004,-2007
20131005,-2594
20131006,-2577
20131007,-1508
20131008,-1930
20131009,-1547
20131010,-564
20131011,-1135
20131012,-249
20131013,-640
20131014,-119
20131015,-763
20131016,-755
20131017,-538
20131018,-1294
20131019,-1311
20131020,-1021
20131021,-1187
20131022,-1295
20131023,-1196
20131024,-400
20131025,-824
20131026,-418
20131027,-649
20131028,-59
20131029,-487
20131030,5
20131031,735
20131101,-503
20131102,-103
20131103,-776
20131104,-551
20131105,-976
20131106,-1674
20131107,-773
20131108,-1206
20131109,-1012
20131110,-995
20131111,-1059
20131112,-836
20131113,-950
20131114,-77
20131115,84
20131116,-394
20131117,-261
20131118,500
20131119,-948
20131120,354
20131121,1083
20131122,1136
20131123,1144
20131124,1542
20131125,1219
20131126,1227
20131127,912
20131128,39
20131129,-366
20131130,185
20131201,497
20131202,602
20131203,965
20131204,758
20131205,357
20131206,-480
20131207,-294
20131208,-94
20131209,-424
20131210,-758
20131211,-1367
20131212,-1019
20131213,-745
20131214,-374
20131215,-340
20131216,-417
20131217,-527
20131218,-521
20131219,111
20131220,-533
20131221,64
20131222,919
20131223,-762
20131224,-208
20131225,729
20131226,500
20131227,-1438
20131228,-3132
20131229,-683
20131230,-309
20131231,-578
20140101,604
20140102,861
20140103,732
20140104,1874
20140105,1302
20140106,1695
20140107,363
20140108,790
20140109,572
20140110,638
20140111,286
20140112,41
20140113,20
20140114,-534
20140115,-597
20140116,545
20140117,-1041
20140118,-1425
20140119,-2322
20140120,-1825
20140121,-1822
20140122,-2469
20140123,-836
20140124,-1771
20140125,-1385
20140126,-1302
20140127,-1074
20140128,-730
20140129,-552
20140130,-629
20140131,-602
20140201,-1132
20140202,-1078
20140203,-953
20140204,-1359
20140205,-713
20140206,-222
20140207,-858
20140208,-667
20140209,-388
20140210,-1464
20140211,-1234
20140212,-1251
20140213,-318
20140214,-1415
20140215,-812
20140216,-1207
20140217,-1377
20140218,-1634
20140219,-1971
20140220,-814
20140221,-1163
20140222,-1088
20140223,-1289
20140224,-1542
20140225,-1171
20140226,-857
20140227,443
20140228,-936
20140301,-506
20140302,-804
20140303,-1068
20140304,-1498
20140305,-1404
20140306,-410
20140307,-1391
20140308,-1101
20140309,-1293
20140310,-2048
20140311,-2402
20140312,-1903
20140313,-2717
20140314,-1295
20140315,-2155
20140316,-1992
20140317,-2713
20140318,-2501
20140319,-2701
20140320,-1699
20140321,-1799
20140322,-1812
20140323,-1491
20140324,-4084
20140325,-5291
20140326,-4583
20140327,-2094
20140328,-1986
20140329,-794
20140330,409
20140331,-1001
20140401,-1704
20140402,-1096
20140403,-550
20140404,-1200
20140405,-1183
20140406,-1798
20140407,-2696
20140408,-3059
20140409,-4495
20140410,-691
20140411,-1999
20140412,-1495
20140413,-1806
20140414,-1591
20140415,-2606
20140416,-2332
20140417,-1082
20140418,-993
20140419,-1993
20140420,-1903
20140421,-2591
20140422,-2802
20140423,-3260
20140424,-1110
20140425,-2196
20140426,-2096
20140427,-2227
20140428,-1802
20140429,-919
20140430,-1366
20140501,-1113
20140502,-1481
20140503,-2990
20140504,-3701
20140505,-2803
20140506,-2495
20140507,-4776
20140508,394
20140509,-2857
20140510,-1493
20140511,-2196
20140512,-2398
20140513,-1841
20140514,-3720
20140515,924
20140516,-2167
20140517,-2306
20140518,-2925
20140519,-2660
20140520,-2592
20140521,-3868
20140522,-1110
20140523,-1354
20140524,-941
20140525,-1454
20140526,-2786
20140527,-2672
20140528,-2558
20140529,-2135
20140530,-2574
20140531,-2339
20140601,-2165
20140602,-2623
20140603,-1931
20140604,-2665
20140605,-1834
20140606,-2627
20140607,-2585
20140608,-3247
20140609,-4486
20140610,-4172
20140611,-3447
20140612,-1809
20140613,-2447
20140614,-1699
20140615,-2735
20140616,-2868
20140617,-3134
20140618,-2443
20140619,-2350
20140620,-2138
20140621,-2423
20140622,-2949
20140623,-3498
20140624,-3753
20140625,-5059
20140626,-2142
20140627,-3673
20140628,-2651
20140629,-2536
20140630,-3438
20140701,-3656
20140702,-2738
20140703,-1920
20140704,-1775
20140705,-838
20140706,-1917
20140707,-2000
20140708,-3042
20140709,-3841
20140710,-1106
20140711,-2377
20140712,-1275
20140713,-2011
20140714,-1942
20140715,-2413
20140716,-2896
20140717,-1650
20140718,-3020
20140719,-2620
20140720,-2530
20140721,-2410
20140722,-2640
20140723,-3180
20140724,-470
20140725,-2860
20140726,-1930
20140727,-2440
20140728,-2570
20140729,-2720
20140730,-3017
20140731,-2010
20140801,-1860
20140802,-1130
20140803,-587
20140804,1005
20140805,-1168
20140806,-2081
20140807,-1677
20140808,-2032
20140809,-1572
20140810,-822
20140811,-1110
20140812,-1612
20140813,-1085
20140814,-1077
20140815,-1750
20140816,-1444
20140817,-2120
20140818,-1536
20140819,-2606
20140820,-942
20140821,1350
20140822,-166
20140823,-396
20140824,-1173
20140825,-726
20140826,-568
20140827,-1513
20140828,254
20140829,-3022
20140830,-2754
20140831,-2839
20140901,-2069
20140902,-2492
20140903,-2729
20140904,-1194
20140905,-1884
20140906,-1282
20140907,-1408
20140908,-1188
20140909,-323
20140910,-784
20140911,54
20140912,-990
20140913,-1295
20140914,-345
20140915,-1831
20140916,-923
20140917,-1562
20140918,-1274
20140919,-1947
20140920,-2641
20140921,-1839
20140922,-2100
20140923,-2211
20140924,-1489
20140925,-895
20140926,-997
20140927,-1076
20140928,-1565
20140929,-981
20140930,-1854
20141001,-529
20141002,-1168
20141003,-1800
20141004,-1793
20141005,-1923
20141006,-993
20141007,-1056
20141008,-9
20141009,-9
20141010,-626
20141011,-148
20141012,-490
20141013,-1193
20141014,-1934
20141015,-1724
20141016,-1028
20141017,-1220
20141018,-1050
20141019,-1109
20141020,-1226
20141021,-1418
20141022,-1088
20141023,-488
20141024,-1070
20141025,-722
20141026,-662
20141027,-991
20141028,-874
20141029,-986
20141030,-524
20141031,-647
20141101,-1339
20141102,-215
20141103,-939
20141104,-1383
20141105,-1100
20141106,-160
20141107,-837
20141108,-386
20141109,-486
20141110,-660
20141111,-671
20141112,494
20141113,102
20141114,-634
20141115,-573
20141116,-373
20141117,-101
20141118,-461
20141119,-1023
20141120,-353
20141121,87
20141122,-286
20141123,-160
20141124,-471
20141125,-316
20141126,17
20141127,437
20141128,971
20141129,505
20141130,-414
20141201,-137
20141202,-275
20141203,56
20141204,712
20141205,-222
20141206,309
20141207,-79
20141208,-73
20141209,-335
20141210,879
20141211,507
20141212,532
20141213,935
20141214,-683
20141215,-1054
20141216,279
20141217,874
20141218,1840
20141219,512
20141220,630
20141221,391
20141222,1518
20141223,777
20141224,421
20141225,1545
20141226,171
20141227,-704
20141228,-1177
20141229,315
20141230,-961
20141231,867
20150101,1631
20150102,46
20150103,526
20150104,1307
20150105,1544
20150106,490
20150107,716
20150108,981
20150109,824
20150110,651
20150111,-230
20150112,-201
20150113,-331
20150114,-129
20150115,27
20150116,-115
20150117,-776
20150118,-1057
20150119,-2094
20150120,-3305
20150121,-1842
20150122,-690
20150123,-979
20150124,-1177
20150125,-505
20150126,-905
20150127,-1025
20150128,58
20150129,1592
20150130,501
20150131,38
20150201,466
20150202,-341
20150203,-461
20150204,-1521
20150205,-398
20150206,-1
20150207,80
20150208,379
20150209,-263
20150210,-712
20150211,-1551
20150212,-1442
20150213,-2621
20150214,-2423
20150215,-1413
20150216,-1412
20150217,-1884
20150218,-1321
20150219,-927
20150220,-1299
20150221,-1886
20150222,-1416
20150223,-1237
20150224,-627
20150225,-1071
20150226,-324
20150227,-791
20150228,-1657
20150301,151
20150302,-625
20150303,1747
20150304,1667
20150305,1298
20150306,-1312
20150307,-571
20150308,-1103
20150309,-1497
20150310,-2900
20150311,-4998
20150312,-3704
20150313,-3903
20150314,-3012
20150315,-2236
20150316,-1544
20150317,-93
20150318,-773
20150319,-676
20150320,-427
20150321,-1397
20150322,-1508
20150323,-1993
20150324,-3401
20150325,-3295
20150326,-1125
20150327,-2694
20150328,-1802
20150329,-2704
20150330,-2197
20150331,-3101
20150401,-4488
20150402,197
20150403,-2001
20150404,-1896
20150405,-2296
20150406,-2293
20150407,-2185
20150408,-4002
20150409,-896
20150410,-1103
20150411,-1698
20150412,-2702
20150413,-2204
20150414,-1997
20150415,-1692
20150416,-144
20150417,-1999
20150418,-2205
20150419,-2200
20150420,-1999
20150421,-4501
20150422,-3707
20150423,-867
20150424,-2691
20150425,-2092
20150426,-1541
20150427,-1859
20150428,-2124
20150429,-1798
20150430,-1723
20150501,-2187
20150502,-3006
20150503,-2245
20150504,-1674
20150505,-1752
20150506,-2205
20150507,-853
20150508,-1027
20150509,-1783
20150510,-1874
20150511,-2015
20150512,-2924
20150513,-1789
20150514,383
20150515,-1675
20150516,478
20150517,-682
20150518,384
20150519,-2174
20150520,-3237
20150521,-484
20150522,-2060
20150523,-1237
20150524,-764
20150525,-1239
20150526,-2498
20150527,-2641
20150528,-1089
20150529,-2713
20150530,-2296
20150531,-1964
20150601,-1540
20150602,-2814
20150603,-3457
20150604,-32
20150605,-2082
20150606,-2094
20150607,-2997
20150608,-3353
20150609,-2621
20150610,-2132
20150611,-528
20150612,-2018
20150613,-2099
20150614,-1940
20150615,-2217
20150616,-2354
20150617,-4986
20150618,-2735
20150619,-2478
20150620,-2509
20150621,-2285
20150622,-2485
20150623,-2073
20150624,-2254
20150625,155
20150626,-2456
20150627,-1261
20150628,-1706
20150629,-3155
20150630,-5121
20150701,-4084
20150702,266
20150703,-1637
20150704,-908
20150705,-1368
20150706,-1507
20150707,-4457
20150708,-5332
20150709,-1502
20150710,-3826
20150711,-1854
20150712,-3019
20150713,-2346
20150714,-2249
20150715,-3093
20150716,676
20150717,-3380
20150718,-1089
20150719,-1478
20150720,-1120
20150721,-1991
20150722,-1724
20150723,214
20150724,-2228
20150725,-1002
20150726,-1854
20150727,-1737
20150728,-2038
20150729,-2450
20150730,-3568
20150731,-1370
20150801,-1421
20150802,-1524
20150803,-2155
20150804,-2363
20150805,-2259
20150806,-2678
20150807,-505
20150808,-1881
20150809,-1515
20150810,-2824
20150811,-1871
20150812,-2483
20150813,-1112
20150814,-2545
20150815,-1410
20150816,-2062
20150817,-4178
20150818,-2475
20150819,-2283
20150820,-2327
20150821,-1840
20150822,-1403
20150823,-2026
20150824,-1894
20150825,-2698
20150826,-2205
20150827,-335
20150828,-1752
20150829,-771
20150830,-1993
20150831,-2167
20150901,-2178
20150902,-2662
20150903,673
20150904,-1709
20150905,-1020
20150906,-1262
20150907,-1772
20150908,-1480
20150909,-612
20150910,246
20150911,-2242
20150912,-1310
20150913,-1987
20150914,-1023
20150915,-1855
20150916,-1167
20150917,-416
20150918,-1928
20150919,-1248
20150920,-413
20150921,-500
20150922,-909
20150923,-1919
20150924,-430
20150925,-1824
20150926,-1492
20150927,-1861
20150928,-2028
20150929,-1391
20150930,-951
20151001,-210
20151002,-1827
20151003,-2221
20151004,-1511
20151005,-1191
20151006,-1635
20151007,-1376
20151008,104
20151009,-1127
20151010,-933
20151011,-1315
20151012,-254
20151013,-1190
20151014,-1098
20151015,243
20151016,-953
20151017,-237
20151018,-792
20151019,-686
20151020,-1335
20151021,-1034
20151022,610
20151023,-451
20151024,-327
20151025,-181
20151026,-441
20151027,-119
20151028,15
20151029,-194
20151030,-659
20151031,-972
20151101,-873
20151102,-683
20151103,-827
20151104,-1889
20151105,-190
20151106,-560
20151107,-511
20151108,11
20151109,-224
20151110,-999
20151111,-913
20151112,311
20151113,-503
20151114,-328
20151115,-784
20151116,-415
20151117,-626
20151118,-68
20151119,1397
20151120,-176
20151121,-209
20151122,-821
20151123,-1372
20151124,668
20151125,-434
20151126,863
20151127,238
20151128,190
20151129,248
20151130,282
20151201,-309
20151202,-531
20151203,439
20151204,88
20151205,0
20151206,-197
20151207,-462
20151208,-1010
20151209,-832
20151210,1755
20151211,829
20151212,-180
20151213,-448
20151214,-549
20151215,-239
20151216,-1331
20151217,992
20151218,-465
20151219,-14
20151220,-1513
20151221,-277
20151222,1587
20151223,106
20151224,928
20151225,220
20151226,-664
20151227,-2578
20151228,-1068
20151229,-225
20151230,903
20151231,1916
20160101,1259
20160102,-72
20160103,811
20160104,1417
20160105,1840
20160106,1475
20160107,1573
20160108,-360
20160109,498
20160110,129
20160111,90
20160112,899
20160113,-93
20160114,329
20160115,-1108
20160116,-673
20160117,-873
20160118,-439
20160119,-2030
20160120,-1554
20160121,54
20160122,-547
20160123,-696
20160124,-440
20160125,-792
20160126,-370
20160127,-1382
20160128,-215
20160129,-1133
20160130,-849
20160131,-783
20160201,-1466
20160202,-999
20160203,-1816
20160204,-465
20160205,-786
20160206,-596
20160207,-588
20160208,-980
20160209,-1020
20160210,-1598
20160211,-116
20160212,-815
20160213,-573
20160214,-461
20160215,-1235
20160216,-1413
20160217,-2219
20160218,-1669
20160219,-878
20160220,-1070
20160221,-662
20160222,-1155
20160223,363
20160224,-3533
20160225,1250
20160226,-1894
20160227,-1933
20160228,-1999
20160229,-1495
20160301,-936
20160302,-2750
20160303,626
20160304,-1420
20160305,-1232
20160306,-1173
20160307,-1669
20160308,-833
20160309,-3266
20160310,520
20160311,-2077
20160312,-2204
20160313,-795
20160314,-1412
20160315,-1595
20160316,-2131
20160317,46
20160318,-2600
20160319,-2301
20160320,-2204
20160321,-1898
20160322,-2605
20160323,-4202
20160324,1342
20160325,-1503
20160326,-1119
20160327,-1923
20160328,-1206
20160329,-1597
20160330,-2509
20160331,1061
20160401,-2609
20160402,-2001
20160403,-2201
20160404,-1598
20160405,-2096
20160406,-2990
20160407,119
20160408,-717
20160409,-568
20160410,453
20160411,-358
20160412,-2252
20160413,-2369
20160414,916
20160415,-2503
20160416,-2100
20160417,-1809
20160418,-2222
20160419,-2896
20160420,-4392
20160421,110
20160422,-2407
20160423,-1500
20160424,-1138
20160425,-1879
20160426,-2659
20160427,-3506
20160428,799
20160429,-2492
20160430,-1432
20160501,-2520
20160502,-2417
20160503,-1609
20160504,-3127
20160505,812
20160506,-3092
20160507,-2091
20160508,-1886
20160509,-2022
20160510,-2042
20160511,-2953
20160512,213
20160513,-2586
20160514,-1801
20160515,-2523
20160516,-1867
20160517,-1892
20160518,-3488
20160519,731
20160520,-2201
20160521,-1610
20160522,-1889
20160523,-1036
20160524,-2423
20160525,-2068
20160526,-4
20160527,-1960
20160528,-1893
20160529,-2686
20160530,-2590
20160531,-3104
20160601,-2421
20160602,-1703
20160603,-2235
20160604,-1539
20160605,-2185
20160606,-2795
20160607,-2731
20160608,-2693
20160609,-1951
20160610,-1225
20160611,-2151
20160612,-2113
20160613,-2736
20160614,-2378
20160615,-3021
20160616,-1087
20160617,-2527
20160618,-2393
20160619,-907
20160620,-2927
20160621,-2355
20160622,-4115
20160623,115
20160624,-3490
20160625,-2624
20160626,-2792
20160627,-2547
20160628,-2322
20160629,-3059
20160630,395
20160701,-2261
20160702,-2622
20160703,-1622
20160704,-3034
20160705,-3050
20160706,-2490
20160707,-296
20160708,-3243
20160709,-2745
20160710,-2765
20160711,-2707
20160712,-3309
20160713,-3422
20160714,354
20160715,-2859
20160716,-2474
20160717,-2163
20160718,-1260
20160719,-1979
20160720,-2772
20160721,-1400
20160722,-2223
20160723,-1836
20160724,-2617
20160725,-1631
20160726,-1242
20160727,-2336
20160728,-1156
20160729,-2618
20160730,-1259
20160731,-1296
20160801,-1783
20160802,-2199
20160803,-2745
20160804,-1217
20160805,-2268
20160806,-1731
20160807,-1871
20160808,-1562
20160809,-2909
20160810,-2991
20160811,-703
20160812,-2024
20160813,-1982
20160814,-2469
20160815,-4600
20160816,-2770
20160817,-1119
20160818,-335
20160819,-1912
20160820,-1371
20160821,-2287
20160822,-1200
20160823,-1981
20160824,-2370
20160825,243
20160826,-2374
20160827,-1781
20160828,-1683
20160829,-2452
20160830,-2130
20160831,-1539
20160901,-166
20160902,-2495
20160903,-2285
20160904,-3195
20160905,-2213
20160906,-2009
20160907,-1439
20160908,-56
20160909,-2093
20160910,-1446
20160911,-1677
20160912,-883
20160913,-1538
20160914,-1200
20160915,-119
20160916,-1136
20160917,-1247
20160918,-2487
20160919,-1197
20160920,-369
20160921,-315
20160922,209
20160923,-1310
20160924,-1582
20160925,-1967
20160926,-2155
20160927,-2625
20160928,-840
20160929,1286
20160930,-1409
20161001,-1125
20161002,-1668
20161003,-1441
20161004,-2160
20161005,-1367
20161006,1495
20161007,-731
20161008,-1748
20161009,-1949
20161010,-938
20161011,-1536
20161012,-999
20161013,44
20161014,-1579
20161015,-1069
20161016,-1442
20161017,-1804
20161018,-1887
20161019,-1271
20161020,528
20161021,-1913
20161022,-740
20161023,-1135
20161024,-965
20161025,-821
20161026,-61
20161027,956
20161028,-1009
20161029,-694
20161030,-1401
20161031,-801
20161101,-850
20161102,-1101
20161103,1010
20161104,-1173
20161105,-702
20161106,-1058
20161107,-347
20161108,-1184
20161109,-679
20161110,207
20161111,-987
20161112,-686
20161113,-265
20161114,-891
20161115,-632
20161116,-370
20161117,1116
20161118,-890
20161119,-609
20161120,-1634
20161121,768
20161122,-988
20161123,-724
20161124,1577
20161125,685
20161126,720
20161127,-428
20161128,-345
20161129,-559
20161130,-815
20161201,1260
20161202,-1065
20161203,-337
20161204,-993
20161205,-1039
20161206,-1035
20161207,-498
20161208,1508
20161209,-740
20161210,-232
20161211,-344
20161212,-338
20161213,-246
20161214,604
20161215,2225
20161216,-1291
20161217,-228
20161218,-356
20161219,-635
20161220,-66
20161221,834
20161222,1797
20161223,1935
20161224,1860
20161225,1034
20161226,457
20161227,1528
20161228,2051
20161229,3150
20161230,2069
20161231,2128
20170101,1989
20170102,730
20170103,2120
20170104,1494
20170105,1404
20170106,-235
20170107,349
20170108,-635
20170109,-243
20170110,1416
20170111,-70
20170112,1494
20170113,-779
20170114,572
20170115,489
20170116,1020
20170117,18
20170118,148
20170119,-1270
20170120,1544
20170121,-369
20170122,609
20170123,-88
20170124,-76
20170125,82
20170126,15
20170127,-638
20170128,-1264
20170129,-1283
20170130,-966
20170131,-1039
20170201,-716
20170202,1227
20170203,-1523
20170204,-784
20170205,-891
20170206,525
20170207,471
20170208,-428
20170209,1035
20170210,-1631
20170211,-1026
20170212,-1208
20170213,-1602
20170214,-1299
20170215,-2873
20170216,1810
20170217,-289
20170218,943
20170219,1190
20170220,316
20170221,-1174
20170222,-936
20170223,2344
20170224,-896
20170225,-433
20170226,-885
20170227,-630
20170228,-558
20170301,-456
20170302,166
20170303,-1076
20170304,-821
20170305,-1130
20170306,-819
20170307,-1712
20170308,-1241
20170309,-1475
20170310,-1894
20170311,-1405
20170312,-496
20170313,-1702
20170314,-799
20170315,-2588
20170316,-106
20170317,-1930
20170318,-1422
20170319,-1032
20170320,-2070
20170321,-2103
20170322,-1626
20170323,336
20170324,-3212
20170325,-2401
20170326,-1192
20170327,-596
20170328,-1546
20170329,-2206
20170330,-48
20170331,-2400
20170401,-2798
20170402,-2299
20170403,-1495
20170404,-1095
20170405,-2200
20170406,-221
20170407,-3097
20170408,-2394
20170409,-1194
20170410,789
20170411,-1535
20170412,-4285
20170413,-1438
20170414,-1805
20170415,-1552
20170416,-2102
20170417,-1800
20170418,-3501
20170419,-2897
20170420,1788
20170421,-4078
20170422,-4190
20170423,-4592
20170424,-3410
20170425,-87
20170426,-76
20170427,2050
20170428,-2393
20170429,-2901
20170430,-2904
20170501,-1801
20170502,-2090
20170503,-430
20170504,2497
20170505,-1899
20170506,-1904
20170507,-2497
20170508,-2251
20170509,-1711
20170510,22
20170511,1554
20170512,-2775
20170513,-1950
20170514,-2243
20170515,-1811
20170516,-1583
20170517,-2198
20170518,918
20170519,-3105
20170520,-3082
20170521,-2438
20170522,-2800
20170523,-3145
20170524,-3930
20170525,321
20170526,-4867
20170527,-2520
20170528,-1873
20170529,-2619
20170530,-1986
20170531,-3466
20170601,655
20170602,-3433
20170603,-2568
20170604,-3323
20170605,-2960
20170606,-2813
20170607,-2706
20170608,-845
20170609,-2450
20170610,-3259
20170611,-3387
20170612,-2701
20170613,-2896
20170614,-4261
20170615,-574
20170616,-4063
20170617,-2980
20170618,-3307
20170619,-1388
20170620,-2897
20170621,-3462
20170622,-442
20170623,-3673
20170624,-3314
20170625,-2890
20170626,-3020
20170627,-3283
20170628,-3774
20170629,185
20170630,-3869
20170701,-3002
20170702,-3225
20170703,-2165
20170704,-4447
20170705,-3450
20170706,-133
20170707,-3534
20170708,-3395
20170709,-2713
20170710,-2831
20170711,-2860
20170712,-2062
20170713,-84
20170714,-3388
20170715,-2164
20170716,-2499
20170717,-2308
20170718,-4062
20170719,-3120
20170720,462
20170721,-1876
20170722,-2858
20170723,-2524
20170724,-1517
20170725,-1050
20170726,-1805
20170727,-1619
20170728,-4692
20170729,-2851
20170730,-1459
20170731,-1182
20170801,-1067
20170802,-2331
20170803,-2151
20170804,-3683
20170805,-3022
20170806,-2129
20170807,-783
20170808,-3348
20170809,-805
20170810,-2608
20170811,-3384
20170812,-2460
20170813,-2803
20170814,-2961
20170815,-3816
20170816,-2933
20170817,1018
20170818,-2454
20170819,-4666
20170820,-3124
20170821,-1109
20170822,-2504
20170823,-2003
20170824,356
20170825,-2617
20170826,-2763
20170827,-1809
20170828,-1914
20170829,-1405
20170830,-2019
20170831,-2145
20170901,-2491
20170902,-2896
20170903,-1572
20170904,-3137
20170905,-1150
20170906,191
20170907,1654
20170908,-788
20170909,870
20170910,-405
20170911,713
20170912,-1326
20170913,-1596
20170914,1447
20170915,-1540
20170916,-2018
20170917,-2006
20170918,-948
20170919,-1453
20170920,-2211
20170921,1632
20170922,-1956
20170923,-2538
20170924,-2609
20170925,-1472
20170926,-915
20170927,-1608
20170928,1051
20170929,-1487
20170930,-174
20171001,-1316
20171002,-253
20171003,-2016
20171004,-1264
20171005,971
20171006,-2014
20171007,-2428
20171008,-1819
20171009,-1393
20171010,-1973
20171011,-2241
20171012,972
20171013,-2416
20171014,-1777
20171015,-1427
20171016,-914
20171017,-829
20171018,-2185
20171019,693
20171020,-2002
20171021,-804
20171022,-782
20171023,-373
20171024,-1727
20171025,-2104
20171026,975
20171027,-680
20171028,-1177
20171029,-922
20171030,-919
20171031,-964
20171101,431
20171102,1045
20171103,-854
20171104,-1768
20171105,-129
20171106,-2
20171107,681
20171108,-944
20171109,833
20171110,-934
20171111,125
20171112,-612
20171113,366
20171114,260
20171115,-736
20171116,1860
20171117,-790
20171118,-187
20171119,-654
20171120,1229
20171121,441
20171122,-434
20171123,881
20171124,33
20171125,-369
20171126,348
20171127,-260
20171128,-98
20171129,-257
20171130,647
20171201,-459
20171202,-156
20171203,-404
20171204,98
20171205,-694
20171206,-534
20171207,-508
20171208,-459
20171209,-126
20171210,-139
20171211,-14
20171212,-259
20171213,-712
20171214,261
20171215,-709
20171216,-109
20171217,-610
20171218,603
20171219,-962
20171220,-1972
20171221,1488
20171222,1564
20171223,-1223
20171224,-535
20171225,-1070
20171226,-1590
20171227,-599
20171228,1793
20171229,1470
20171230,21
20171231,306
