Date,7-Day Running Average Order (cfs),7-Day Running Average Diversion (cfs),Total U.S. Order @ Imperial Dam (cfs),Total U.S. Diversion @ Imperial Dam (cfs)
2012-01-01,1880,1404,1880,1404
2012-01-02,2779,2238,3678,3071
2012-01-03,3232,2757,4138,3796
2012-01-04,3521,3176,4388,4433
2012-01-05,3510,3364,3468,4118
2012-01-06,3627,3421,4208,3702
2012-01-07,3665,3417,3898,3396
2012-01-08,3859,3623,3238,2848
2012-01-09,3925,3649,4138,3247
2012-01-10,3921,3588,4108,3372
2012-01-11,3868,3472,4018,3619
2012-01-12,3939,3358,3968,3320
2012-01-13,3977,3359,4468,3710
2012-01-14,3950,3413,3713,3772
2012-01-15,3919,3403,3018,2779
2012-01-16,3883,3441,3888,3516
2012-01-17,3877,3503,4068,3802
2012-01-18,3900,3520,4178,3743
2012-01-19,4007,3646,4718,4203
2012-01-20,3969,3669,4198,3869
2012-01-21,4070,3661,4423,3713
2012-01-22,4114,3693,3328,3006
2012-01-23,4243,3749,4788,3903
2012-01-24,4363,3771,4908,3961
2012-01-25,4503,3859,5158,4355
2012-01-26,4564,3881,5148,4360
2012-01-27,4657,3881,4848,3867
2012-01-28,4669,3895,4503,3813
2012-01-29,4699,3883,3538,2919
2012-01-30,4692,3929,4738,4230
2012-01-31,4716,3995,5078,4417
2012-02-01,4760,4050,5468,4741
2012-02-02,4789,4142,5348,5003
2012-02-03,4800,4193,4928,4223
2012-02-04,4809,4190,4563,3797
2012-02-05,4802,4212,3488,3069
2012-02-06,4817,4228,4848,4346
2012-02-07,4857,4260,5358,4642
2012-02-08,4837,4257,5328,4717
2012-02-09,4820,4191,5228,4545
2012-02-10,4874,4221,5308,4428
2012-02-11,4810,4188,4113,3570
2012-02-12,4760,4165,3138,2908
2012-02-13,4781,4180,4993,4452
2012-02-14,4745,4257,5108,5179
2012-02-15,4729,4305,5218,5052
2012-02-16,4795,4349,5688,4852
2012-02-17,4855,4346,5728,4408
2012-02-18,5039,4365,5398,3702
2012-02-19,5093,4370,3518,2946
2012-02-20,5099,4359,5033,4377
2012-02-21,5094,4300,5078,4765
2012-02-22,5113,4263,5348,4791
2012-02-23,5099,4281,5588,4978
2012-02-24,5147,4431,6068,5456
2012-02-25,5204,4665,5798,5339
2012-02-26,5422,4921,5038,4739
2012-02-27,5704,5139,7013,5903
2012-02-28,5997,5344,7128,6198
2012-02-29,6283,5605,7348,6624
2012-03-01,6504,5856,7138,6734
2012-03-02,6702,6013,7448,6550
2012-03-03,6849,6143,6828,6254
2012-03-04,6986,6232,5998,5359
2012-03-05,7036,6317,7363,6500
2012-03-06,7042,6386,7168,6677
2012-03-07,7020,6420,7198,6863
2012-03-08,7063,6477,7438,7132
2012-03-09,7060,6491,7428,6653
2012-03-10,7047,6507,6733,6363
2012-03-11,7042,6534,5968,5552
2012-03-12,7083,6577,7648,6795
2012-03-13,7125,6579,7463,6691
2012-03-14,7169,6640,7503,7295
2012-03-15,7254,6723,8033,7712
2012-03-16,7404,6854,8483,7568
2012-03-17,7513,6952,7493,7047
2012-03-18,7552,6938,6238,5456
2012-03-19,7558,6924,7693,6696
2012-03-20,7657,6980,8158,7088
2012-03-21,7731,7015,8018,7536
2012-03-22,7774,6953,8338,7281
2012-03-23,7737,6916,8218,7307
2012-03-24,7740,6873,7518,6749
2012-03-25,7764,6863,6408,5386
2012-03-26,7761,6917,7668,7070
2012-03-27,7782,7027,8303,7862
2012-03-28,7809,7004,8213,7373
2012-03-29,7836,7039,8523,7525
2012-03-30,7887,7075,8573,7558
2012-03-31,7929,7129,7818,7132
2012-04-01,7969,7282,6688,6451
2012-04-02,8131,7408,8798,7953
2012-04-03,8258,7483,9193,8388
2012-04-04,8389,7690,9133,8821
2012-04-05,8505,7932,9333,9224
2012-04-06,8569,8080,9023,8592
2012-04-07,8629,8076,8238,7106
2012-04-08,8638,7938,6748,5482
2012-04-09,8658,8035,8938,8631
2012-04-10,8652,8085,9148,8736
2012-04-11,8669,8081,9258,8795
2012-04-12,8599,8049,8838,9000
2012-04-13,8566,7992,8793,8197
2012-04-14,8534,8044,8018,7469
2012-04-15,8577,8264,7048,7022
2012-04-16,8567,8177,8868,8017
2012-04-17,8607,8234,9423,9141
2012-04-18,8636,8310,9463,9323
2012-04-19,8698,8333,9273,9159
2012-04-20,8745,8503,9123,9388
2012-04-21,8821,8730,8548,9062
2012-04-22,8744,8887,6508,8116
2012-04-23,8777,9001,9098,8819
2012-04-24,8809,9062,9653,9566
2012-04-25,8857,9104,9793,9620
2012-04-26,8941,9097,9863,9108
2012-04-27,9057,9036,9933,8958
2012-04-28,9118,8927,8978,8297
2012-04-29,9199,8798,7078,7213
2012-04-30,9245,8778,9418,8683
2012-05-01,9259,8726,9753,9202
2012-05-02,9268,8700,9853,9441
2012-05-03,9224,8736,9553,9357
2012-05-04,9194,8755,9728,9091
2012-05-05,9169,8793,8798,8567
2012-05-06,9176,8775,7128,7086
2012-05-07,9156,8787,9278,8765
2012-05-08,9124,8816,9533,9404
2012-05-09,9086,8781,9583,9199
2012-05-10,9093,8745,9603,9103
2012-05-11,9057,8755,9478,9156
2012-05-12,8972,8707,8198,8237
2012-05-13,8930,8725,6838,7206
2012-05-14,8894,8715,9028,8702
2012-05-15,8872,8702,9378,9313
2012-05-16,8867,8647,9548,8813
2012-05-17,8867,8642,9598,9070
2012-05-18,8795,8552,8978,8525
2012-05-19,8717,8519,7648,8001
2012-05-20,8598,8450,6008,6729
2012-05-21,8506,8366,8383,8112
2012-05-22,8385,8221,8533,8296
2012-05-23,8240,8186,8533,8570
2012-05-24,8145,8146,8933,8786
2012-05-25,8132,8039,8883,7780
2012-05-26,8122,7891,7583,6963
2012-05-27,8084,7824,5738,6262
2012-05-28,7984,7737,7683,7503
2012-05-29,7947,7692,8273,7981
2012-05-30,7941,7606,8493,7967
2012-05-31,7891,7487,8583,7951
2012-06-01,7807,7472,8293,7673
2012-06-02,7729,7426,7043,6643
2012-06-03,7738,7438,5798,6345
2012-06-04,7753,7441,7788,7529
2012-06-05,7737,7406,8163,7737
2012-06-06,7697,7384,8213,7810
2012-06-07,7713,7385,8693,7955
2012-06-08,7741,7395,8488,7748
2012-06-09,7841,7447,7743,7001
2012-06-10,7894,7395,6168,5986
2012-06-11,7892,7369,7778,7346
2012-06-12,7937,7388,8473,7868
2012-06-13,7958,7316,8363,7307
2012-06-14,7918,7317,8413,7961
2012-06-15,7879,7377,8218,8167
2012-06-16,7801,7399,7193,7153
2012-06-17,7814,7453,6258,6370
2012-06-18,7978,7540,8928,7953
2012-06-19,8059,7583,9043,8168
2012-06-20,8145,7771,8963,8626
2012-06-21,8219,7834,8933,8402
2012-06-22,8315,7874,8888,8447
2012-06-23,8461,8135,8213,8981
2012-06-24,8502,8174,6548,6638
2012-06-25,8474,8205,8728,8168
2012-06-26,8475,8258,9053,8542
2012-06-27,8542,8261,9433,8650
2012-06-28,8619,8383,9473,9253
2012-06-29,8724,8518,9623,9391
2012-06-30,8752,8315,8403,7565
2012-07-01,8809,8394,6948,7186
2012-07-02,8876,8441,9198,8500
2012-07-03,8952,8454,9588,8631
2012-07-04,8919,8428,9203,8472
2012-07-05,8900,8324,9338,8524
2012-07-06,8842,8113,9218,7912
2012-07-07,8827,8097,8293,7453
2012-07-08,8801,8101,6768,7217
2012-07-09,8769,8079,8973,8341
2012-07-10,8725,8107,9283,8828
2012-07-11,8727,8140,9213,8704
2012-07-12,8658,8074,8858,8063
2012-07-13,8587,8013,8718,7483
2012-07-14,8483,7728,7568,5460
2012-07-15,8455,7322,6573,4378
2012-07-16,8352,6892,8253,5328
2012-07-17,8132,6542,7738,6377
2012-07-18,7797,6265,6868,6764
2012-07-19,7505,6152,6818,7270
2012-07-20,7292,6109,7228,7184
2012-07-21,7210,6249,6993,6441
2012-07-22,7133,6475,6033,5963
2012-07-23,7079,6722,7873,7051
2012-07-24,7142,6940,8183,7904
2012-07-25,7358,7063,8378,7628
2012-07-26,7654,7166,8893,7988
2012-07-27,7885,7279,8843,7979
2012-07-28,7994,7300,7758,6588
2012-07-29,8036,7287,6323,5871
2012-07-30,8076,7203,8153,6461
2012-07-31,8049,6883,7993,5662
2012-08-01,7992,6448,7983,4584
2012-08-02,7892,6059,8193,5270
2012-08-03,7578,5711,6643,5543
2012-08-04,7161,5423,4838,4565
2012-08-05,6829,5197,4003,4291
2012-08-06,6485,5046,5743,5404
2012-08-07,6151,5012,5653,5426
2012-08-08,5889,5176,6153,5733
2012-08-09,5739,5391,7138,6771
2012-08-10,5952,5648,8138,7345
2012-08-11,6298,5915,7258,6437
2012-08-12,6593,6093,6068,5534
2012-08-13,6883,6292,7773,6799
2012-08-14,7253,6541,8243,7165
2012-08-15,7546,6784,8203,7433
2012-08-16,7657,6848,7913,7222
2012-08-17,7578,6751,7588,6666
2012-08-18,7488,6670,6628,5867
2012-08-19,7394,6649,5408,5394
2012-08-20,7294,6562,7078,6188
2012-08-21,7184,6484,7468,6620
2012-08-22,7123,6424,7778,7008
2012-08-23,7031,6336,7268,6609
2012-08-24,6972,6312,7178,6497
2012-08-25,6896,6318,6093,5910
2012-08-26,6818,6236,4863,4820
2012-08-27,6717,6207,6368,5981
2012-08-28,6619,6139,6783,6147
2012-08-29,6459,5958,6663,5743
2012-08-30,6367,5868,6623,5976
2012-08-31,6314,5930,6803,6935
2012-09-01,6375,5888,6523,5613
2012-09-02,6430,5870,5248,4693
2012-09-03,6473,5888,6668,6111
2012-09-04,6531,5911,7188,6306
2012-09-05,6596,6018,7118,6491
2012-09-06,6674,6020,7173,5992
2012-09-07,6699,5961,6978,6521
2012-09-08,6598,5942,5813,5482
2012-09-09,6543,5972,4863,4902
2012-09-10,6581,5869,6933,5390
2012-09-11,6544,5680,6928,4981
2012-09-12,6540,5521,7093,5377
2012-09-13,6453,5444,6563,5452
2012-09-14,6344,5304,6218,5545
2012-09-15,6260,5262,5223,5183
2012-09-16,6255,5262,4828,4901
2012-09-17,6204,5247,6578,5289
2012-09-18,6202,5381,6908,5918
2012-09-19,6196,5496,7053,6180
2012-09-20,6330,5634,7503,6416
2012-09-21,6509,5777,7468,6546
2012-09-22,6632,5878,6088,5897
2012-09-23,6688,5942,5218,5343
2012-09-24,6752,6076,7028,6229
2012-09-25,6834,6221,7478,6937
2012-09-26,6904,6398,7543,7417
2012-09-27,6954,6531,7853,7348
2012-09-28,7042,6575,8083,6856
2012-09-29,7217,6651,7313,6424
2012-09-30,7343,6700,6103,5689
2012-10-01,7424,6723,7598,6387
2012-10-02,7418,6741,7433,7062
2012-10-03,7424,6727,7588,7319
2012-10-04,7360,6598,7403,6447
2012-10-05,7249,6557,7303,6570
2012-10-06,7152,6557,6638,6421
2012-10-07,7169,6595,6218,5957
2012-10-08,7143,6638,7418,6688
2012-10-09,7156,6619,7523,6929
2012-10-10,7174,6624,7713,7352
2012-10-11,7244,6712,7893,7066
2012-10-12,7369,6715,8183,6589
2012-10-13,7452,6637,7218,5876
2012-10-14,7429,6558,6058,5407
2012-10-15,7394,6495,7168,6245
2012-10-16,7368,6456,7343,6658
2012-10-17,7312,6312,7323,6343
2012-10-18,7239,6262,7383,6712
2012-10-19,7028,6170,6703,5950
2012-10-20,6812,6094,5708,5343
2012-10-21,6677,6059,5108,5163
2012-10-22,6587,6012,6538,5915
2012-10-23,6475,5897,6563,5853
2012-10-24,6401,5853,6803,6033
2012-10-25,6285,5756,6573,6037
2012-10-26,6267,5695,6573,5524
2012-10-27,6232,5736,5463,5626
2012-10-28,6209,5642,4953,4506
2012-10-29,6151,5603,6128,5642
2012-10-30,6145,5624,6523,5997
2012-10-31,6111,5603,6563,5887
2012-11-01,6155,5555,6883,5700
2012-11-02,6158,5527,6593,5329
2012-11-03,6174,5398,5573,4725
2012-11-04,6111,5334,4513,4060
2012-11-05,6059,5268,5768,5177
2012-11-06,5946,5157,5728,5219
2012-11-07,5852,5043,5908,5089
2012-11-08,5713,4977,5908,5242
2012-11-09,5585,4869,5698,4570
2012-11-10,5529,4855,5178,4627
2012-11-11,5522,4826,4468,3857
2012-11-12,5491,4798,5548,4980
2012-11-13,5488,4844,5708,5542
2012-11-14,5485,4857,5888,5183
2012-11-15,5472,4772,5818,4646
2012-11-16,5418,4763,5318,4503
2012-11-17,5298,4695,4338,4153
2012-11-18,5159,4640,3498,3474
2012-11-19,5099,4571,5123,4495
2012-11-20,5049,4418,5363,4470
2012-11-21,5017,4345,5663,4671
2012-11-22,4752,4186,3963,3532
2012-11-23,4755,4158,5338,4309
2012-11-24,4783,4143,4533,4048
2012-11-25,4801,4095,3623,3137
2012-11-26,4656,3931,4108,3350
2012-11-27,4491,3798,4208,3542
2012-11-28,4283,3599,4208,3278
2012-11-29,4239,3543,3658,3135
2012-11-30,3985,3367,3558,3080
2012-12-01,3833,3206,3468,2918
2012-12-02,3782,3082,3268,2271
2012-12-03,3930,3206,5143,4218
2012-12-04,4090,3290,5328,4127
2012-12-05,4267,3448,5448,4384
2012-12-06,4462,3622,5018,4353
2012-12-07,4657,3750,4928,3978
2012-12-08,4746,3845,4088,3580
2012-12-09,4724,3862,3118,2390
2012-12-10,4589,3737,4193,3349
2012-12-11,4456,3628,4398,3361
2012-12-12,4332,3541,4583,3774
2012-12-13,4222,3417,4243,3488
2012-12-14,4132,3160,4303,2176
2012-12-15,4014,2886,3263,1660
2012-12-16,3935,2783,2563,1668
2012-12-17,3828,2647,3443,2401
2012-12-18,3729,2495,3703,2296
2012-12-19,3532,2315,3208,2514
2012-12-20,3417,2210,3438,2754
2012-12-21,3255,2306,3168,2848
2012-12-22,3164,2487,2628,2930
2012-12-23,3079,2571,1968,2257
2012-12-24,2886,2460,2088,1622
2012-12-25,2523,2278,1163,1018
2012-12-26,2522,2363,3198,3111
2012-12-27,2592,2538,3928,3979
2012-12-28,2697,2660,3908,3700
2012-12-29,2857,2730,3748,3421
2012-12-30,2932,2751,2488,2406
2012-12-31,3037,2781,2823,1835
2013-01-01,2223,1567,2223,1567
2013-01-02,3253,2657,4283,3748
2013-01-03,3626,3127,4373,4066
2013-01-04,3798,3237,4313,3569
2013-01-05,3783,3255,3723,3326
2013-01-06,3629,3200,2858,2923
2013-01-07,3720,3277,4268,3738
2013-01-08,4021,3601,4328,3840
2013-01-09,4043,3672,4438,4243
2013-01-10,4085,3733,4668,4489
2013-01-11,4172,3794,4918,3998
2013-01-12,4196,3869,3893,3851
2013-01-13,4217,3911,3008,3218
2013-01-14,4223,3891,4308,3599
2013-01-15,4202,3876,4178,3735
2013-01-16,4158,3804,4133,3737
2013-01-17,4107,3680,4313,3623
2013-01-18,4049,3674,4513,3953
2013-01-19,4062,3609,3978,3395
2013-01-20,4107,3610,3328,3224
2013-01-21,4165,3664,4713,3982
2013-01-22,4273,3724,4933,4152
2013-01-23,4362,3825,4753,4443
2013-01-24,4457,3964,4978,4598
2013-01-25,4538,3958,5083,3913
2013-01-26,4574,3731,4228,1808
2013-01-27,4597,3514,3493,1701
2013-01-28,4514,3175,4133,1611
2013-01-29,4321,2846,3578,1848
2013-01-30,4154,2506,3588,2062
2013-01-31,3890,2169,3128,2241
2013-02-01,3601,1963,3058,2468
2013-02-02,3375,2030,2648,2278
2013-02-03,3172,2123,2068,2349
2013-02-04,3098,2311,3618,2932
2013-02-05,3205,2589,4328,3791
2013-02-06,3354,2847,4628,3866
2013-02-07,3564,3158,4598,4422
2013-02-08,3791,3350,4648,3810
2013-02-09,3911,3413,3488,2721
2013-02-10,4008,3412,2748,2340
2013-02-11,4134,3481,4498,3417
2013-02-12,4228,3455,4988,3612
2013-02-13,4312,3541,5218,4467
2013-02-14,4491,3643,5848,5132
2013-02-15,4625,3804,5588,4941
2013-02-16,4829,4056,4918,4479
2013-02-17,4977,4328,3778,4250
2013-02-18,5099,4543,5358,4921
2013-02-19,5202,4802,5708,5423
2013-02-20,5214,4730,5298,3964
2013-02-21,5145,4628,5368,4414
2013-02-22,5119,4593,5408,4697
2013-02-23,5055,4587,4468,4436
2013-02-24,5138,4546,4358,3966
2013-02-25,5182,4454,5668,4277
2013-02-26,5179,4399,5688,5035
2013-02-27,5241,4594,5728,5335
2013-02-28,5337,4758,6038,5559
2013-03-01,5401,4909,5858,5754
2013-03-02,5498,4967,5148,4843
2013-03-03,5497,5014,4348,4291
2013-03-04,5524,5157,5858,5282
2013-03-05,5587,5290,6128,5965
2013-03-06,5704,5345,6548,5723
2013-03-07,5845,5361,7028,5666
2013-03-08,5997,5317,6918,5447
2013-03-09,6011,5303,5248,4745
2013-03-10,6034,5346,4508,4592
2013-03-11,6117,5375,6438,5485
2013-03-12,6237,5453,6968,6511
2013-03-13,6355,5589,7378,6675
2013-03-14,6461,5682,7768,6319
2013-03-15,6615,5856,7998,6663
2013-03-16,6861,6102,6968,6465
2013-03-17,7042,6233,5778,5515
2013-03-18,7211,6402,7618,6668
2013-03-19,7379,6532,8143,7423
2013-03-20,7458,6657,7933,7545
2013-03-21,7504,6878,8093,7869
2013-03-22,7532,6987,8188,7422
2013-03-23,7527,7032,6938,6780
2013-03-24,7532,7064,5813,5739
2013-03-25,7597,7128,8068,7121
2013-03-26,7629,7090,8373,7156
2013-03-27,7692,7089,8373,7534
2013-03-28,7718,7070,8273,7736
2013-03-29,7692,7025,8008,7110
2013-03-30,7715,6941,7098,6192
2013-03-31,7702,6781,5723,4616
2013-04-01,7628,6701,7548,6564
2013-04-02,7602,6752,8188,7514
2013-04-03,7584,6745,8248,7483
2013-04-04,7586,6740,8288,7704
2013-04-05,7609,6786,8168,7431
2013-04-06,7684,6948,7628,7325
2013-04-07,7811,7175,6608,6202
2013-04-08,7934,7300,8408,7439
2013-04-09,8011,7293,8728,7466
2013-04-10,8104,7380,8898,8094
2013-04-11,8162,7522,8698,8694
2013-04-12,8211,7631,8508,8198
2013-04-13,8237,7644,7808,7416
2013-04-14,8274,7704,6868,6624
2013-04-15,8299,7797,8588,8087
2013-04-16,8299,7890,8728,8118
2013-04-17,8279,7897,8758,8141
2013-04-18,8279,7770,8698,7803
2013-04-19,8297,7736,8628,7960
2013-04-20,8259,7750,7548,7520
2013-04-21,8224,7753,6618,6639
2013-04-22,8152,7757,8083,8121
2013-04-23,8152,7802,8728,8433
2013-04-24,8249,7923,9438,8988
2013-04-25,8357,8114,9453,9141
2013-04-26,8439,8257,9208,8956
2013-04-27,8525,8327,8148,8012
2013-04-28,8542,8406,6733,7193
2013-04-29,8722,8435,9348,8321
2013-04-30,8824,8465,9438,8645
2013-05-01,8817,8366,9388,8293
2013-05-02,8852,8355,9698,9065
2013-05-03,8849,8299,9188,8564
2013-05-04,8807,8232,7858,7546
2013-05-05,8801,8194,6688,6926
2013-05-06,8633,8064,8173,7413
2013-05-07,8477,7908,8348,7550
2013-05-08,8347,7876,8473,8069
2013-05-09,8191,7719,8608,7965
2013-05-10,8063,7566,8293,7494
2013-05-11,8001,7516,7423,7195
2013-05-12,7992,7439,6628,6387
2013-05-13,7973,7472,8038,7641
2013-05-14,7923,7526,7998,7927
2013-05-15,7918,7484,8438,7776
2013-05-16,7889,7492,8408,8023
2013-05-17,7889,7522,8288,7701
2013-05-18,7882,7460,7378,6761
2013-05-19,7802,7423,6068,6131
2013-05-20,7781,7353,7888,7151
2013-05-21,7832,7333,8358,7788
2013-05-22,7799,7337,8208,7800
2013-05-23,7757,7289,8108,7692
2013-05-24,7688,7161,7808,6806
2013-05-25,7594,7039,6718,5906
2013-05-26,7531,6949,5628,5497
2013-05-27,7447,6887,7298,6722
2013-05-28,7472,6875,8538,7705
2013-05-29,7452,6865,8068,7726
2013-05-30,7444,6835,8048,7486
2013-05-31,7479,6974,8058,7779
2013-06-01,7488,7079,6778,6641
2013-06-02,7487,7130,5618,5848
2013-06-03,7532,7159,7618,6931
2013-06-04,7464,7152,8058,7651
2013-06-05,7459,7122,8038,7517
2013-06-06,7477,7141,8168,7619
2013-06-07,7481,7156,8088,7887
2013-06-08,7531,7177,7128,6784
2013-06-09,7618,7246,6228,6333
2013-06-10,7654,7343,7868,7613
2013-06-11,7661,7403,8108,8065
2013-06-12,7642,7461,7908,7927
2013-06-13,7657,7488,8268,7806
2013-06-14,7642,7483,7988,7855
2013-06-15,7599,7501,6828,6910
2013-06-16,7539,7425,5808,5795
2013-06-17,7464,7287,7343,6651
2013-06-18,7433,7163,7888,7193
2013-06-19,7459,7095,8093,7456
2013-06-20,7392,7133,7798,8071
2013-06-21,7372,7096,7848,7594
2013-06-22,7441,7064,7308,6689
2013-06-23,7531,7113,6438,6138
2013-06-24,7579,7158,7678,6963
2013-06-25,7601,7216,8043,7603
2013-06-26,7632,7296,8313,8011
2013-06-27,7734,7261,8513,7828
2013-06-28,7824,7313,8478,7962
2013-06-29,7816,7353,7248,6964
2013-06-30,7767,7323,6093,5930
2013-07-01,7811,7370,7988,7290
2013-07-02,7857,7295,8363,7080
2013-07-03,7871,7224,8413,7512
2013-07-04,7810,7138,8088,7225
2013-07-05,7753,7068,8078,7478
2013-07-06,7737,7034,7138,6723
2013-07-07,7696,6991,5803,5632
2013-07-08,7667,6941,7783,6937
2013-07-09,7640,6939,8178,7068
2013-07-10,7605,6799,8168,6528
2013-07-11,7572,6758,7858,6942
2013-07-12,7536,6620,7823,6510
2013-07-13,7539,6598,7158,6571
2013-07-14,7512,6695,5613,6309
2013-07-15,7540,6648,7983,6608
2013-07-16,7525,6594,8073,6687
2013-07-17,7479,6699,7843,7268
2013-07-18,7479,6746,7863,7267
2013-07-19,7479,6815,7823,6992
2013-07-20,7462,6719,7038,5902
2013-07-21,7477,6473,5713,4585
2013-07-22,7329,6276,6953,5230
2013-07-23,7239,6078,7438,5302
2013-07-24,7187,5974,7478,6543
2013-07-25,7133,5897,7488,6727
2013-07-26,7069,5782,7373,6188
2013-07-27,7009,5826,6618,6204
2013-07-28,6987,5897,5563,5084
2013-07-29,6952,6020,6703,6091
2013-07-30,6920,6194,7218,6518
2013-07-31,6900,6228,7338,6780
2013-08-01,6913,6214,7578,6633
2013-08-02,6937,6277,7543,6629
2013-08-03,6982,6308,6928,6417
2013-08-04,7004,6386,5723,5631
2013-08-05,7092,6540,7318,7170
2013-08-06,7125,6578,7448,6785
2013-08-07,7141,6552,7448,6596
2013-08-08,7124,6564,7458,6720
2013-08-09,7083,6539,7258,6454
2013-08-10,7042,6509,6638,6210
2013-08-11,7023,6475,5593,5388
2013-08-12,6962,6362,6893,6380
2013-08-13,6931,6376,7228,6884
2013-08-14,6907,6470,7283,7256
2013-08-15,6892,6555,7348,7313
2013-08-16,6941,6668,7603,7245
2013-08-17,6946,6673,6673,6248
2013-08-18,6917,6738,5388,5841
2013-08-19,6887,6798,6683,6799
2013-08-20,6890,6835,7253,7143
2013-08-21,6953,6828,7723,7204
2013-08-22,6979,6830,7533,7330
2013-08-23,6955,6701,7433,6341
2013-08-24,6884,6513,6178,4935
2013-08-25,6824,6071,4963,2744
2013-08-26,6705,5510,5853,2875
2013-08-27,6484,4903,5703,2891
2013-08-28,6047,4293,4668,2935
2013-08-29,5529,3657,3908,2880
2013-08-30,5034,3199,3963,3131
2013-08-31,4682,2905,3718,2882
2013-09-01,4445,2916,3303,2817
2013-09-02,4228,3024,4333,3630
2013-09-03,4106,3270,4848,4612
2013-09-04,4220,3526,5468,4731
2013-09-05,4512,3718,5948,4226
2013-09-06,4841,3893,6268,4354
2013-09-07,4983,4025,4713,3805
2013-09-08,5024,4136,3588,3593
2013-09-09,5226,4233,5748,4307
2013-09-10,5346,4210,5688,4453
2013-09-11,5399,4211,5838,4741
2013-09-12,5377,4267,5798,4617
2013-09-13,5267,4294,5498,4539
2013-09-14,5304,4427,4973,4739
2013-09-15,5387,4527,4168,4294
2013-09-16,5399,4706,5828,5557
2013-09-17,5486,4877,6298,5653
2013-09-18,5565,5068,6393,6074
2013-09-19,5765,5318,7198,6368
2013-09-20,6008,5600,7198,6514
2013-09-21,6198,5772,6303,5946
2013-09-22,6357,5976,5278,5718
2013-09-23,6543,6105,7133,6465
2013-09-24,6696,6289,7368,6937
2013-09-25,6914,6444,7923,7162
2013-09-26,6998,6578,7783,7302
2013-09-27,7057,6655,7613,7055
2013-09-28,7130,6750,6813,6608
2013-09-29,7184,6786,5653,5971
2013-09-30,7204,6635,7273,5410
2013-10-01,7241,6608,7628,6750
2013-10-02,7216,6641,7748,7389
2013-10-03,7209,6639,7738,7286
2013-10-04,7209,6635,7613,7031
2013-10-05,7229,6677,6953,6902
2013-10-06,7282,6681,6018,5999
2013-10-07,7388,6947,8018,7269
2013-10-08,7505,6970,8448,6911
2013-10-09,7609,6909,8478,6962
2013-10-10,7641,6871,7958,7024
2013-10-11,7652,6781,7688,6399
2013-10-12,7653,6616,6963,5745
2013-10-13,7639,6539,5918,5464
2013-10-14,7512,6368,7128,6072
2013-10-15,7363,6274,7408,6254
2013-10-16,7203,6157,7358,6142
2013-10-17,7059,5979,6948,5778
2013-10-18,6942,5891,6868,5780
2013-10-19,6782,5836,5848,5364
2013-10-20,6707,5768,5388,4983
2013-10-21,6657,5752,6778,5965
2013-10-22,6572,5743,6818,6192
2013-10-23,6504,5792,6878,6480
2013-10-24,6506,5871,6963,6335
2013-10-25,6474,5884,6643,5872
2013-10-26,6452,5880,5698,5333
2013-10-27,6411,5863,5098,4864
2013-10-28,6326,5771,6183,5324
2013-10-29,6261,5720,6363,5833
2013-10-30,6182,5598,6323,5628
2013-10-31,6106,5440,6433,5226
2013-11-01,6057,5378,6303,5440
2013-11-02,5992,5324,5243,4956
2013-11-03,5893,5223,4403,4154
2013-11-04,5798,5123,5518,4623
2013-11-05,5699,5033,5673,5204
2013-11-06,5617,4945,5743,5009
2013-11-07,5551,4945,5973,5229
2013-11-08,5519,4935,6083,5369
2013-11-09,5564,4963,5553,5149
2013-11-10,5620,4998,4798,4405
2013-11-11,5669,5082,5863,5212
2013-11-12,5727,5118,6073,5456
2013-11-13,5807,5151,6303,5236
2013-11-14,5874,5163,6443,5316
2013-11-15,5879,5180,6123,5487
2013-11-16,5857,5089,5393,4513
2013-11-17,5764,5075,4153,4307
2013-11-18,5732,4992,5633,4628
2013-11-19,5700,4910,5853,4885
2013-11-20,5643,4812,5903,4545
2013-11-21,5346,4576,4363,3663
2013-11-22,5257,4216,5503,2969
2013-11-23,5134,3850,4528,1953
2013-11-24,5005,3485,3253,1752
2013-11-25,4685,3164,3393,2381
2013-11-26,4345,2834,3473,2572
2013-11-27,3986,2524,3388,2379
2013-11-28,3730,2261,2573,1822
2013-11-29,3404,2113,3223,1929
2013-11-30,3109,2134,2463,2103
2013-12-01,2917,2146,1903,1837
2013-12-02,2863,2161,3018,2482
2013-12-03,2805,2208,3068,2906
2013-12-04,2825,2321,3528,3170
2013-12-05,2956,2528,3488,3270
2013-12-06,3038,2532,3798,1953
2013-12-07,3133,2555,3128,2269
2013-12-08,3217,2610,2488,2218
2013-12-09,3367,2653,4073,2787
2013-12-10,3542,2713,4293,3323
2013-12-11,3672,2800,4433,3779
2013-12-12,3824,2863,4553,3713
2013-12-13,3897,3098,4313,3601
2013-12-14,4007,3242,3893,3271
2013-12-15,4056,3324,2833,2795
2013-12-16,4046,3456,4003,3708
2013-12-17,4044,3546,4278,3952
2013-12-18,4062,3610,4558,4231
2013-12-19,4102,3655,4838,4026
2013-12-20,4173,3629,4808,3422
2013-12-21,4225,3653,4258,3438
2013-12-22,4232,3680,2878,2985
2013-12-23,4180,3536,3643,2696
2013-12-24,4017,3228,3138,1799
2013-12-25,3549,2794,1283,1188
2013-12-26,3367,2600,3558,2671
2013-12-27,3257,2570,4038,3208
2013-12-28,3171,2508,3658,3008
2013-12-29,3259,2496,3498,2901
2013-12-30,3380,2672,4488,3926
2013-12-31,3602,2827,4688,2887
2014-01-01,2718,2718,2718,1784
2014-01-02,3563,3141,4408,3249
2014-01-03,3850,3377,4423,3486
2014-01-04,3771,3475,3533,3229
2014-01-05,3632,3507,3078,2482
2014-01-06,3700,3539,4038,3967
2014-01-07,3776,3573,4233,3694
2014-01-08,4037,3761,4548,3223
2014-01-09,4042,3830,4438,2719
2014-01-10,4027,3855,4323,3007
2014-01-11,3999,3888,3338,3094
2014-01-12,3963,3935,2823,2726
2014-01-13,4007,3979,4343,3234
2014-01-14,3979,4008,4043,3197
2014-01-15,3939,3994,4263,3460
2014-01-16,3942,3979,4458,3593
2014-01-17,3992,3974,4678,3831
2014-01-18,4047,3981,3718,3740
2014-01-19,4079,3998,3048,2945
2014-01-20,4072,4007,4293,3947
2014-01-21,4126,4028,4423,4165
2014-01-22,4177,4062,4618,4276
2014-01-23,4178,4096,4468,4099
2014-01-24,4180,4122,4693,3742
2014-01-25,4209,4146,3918,3672
2014-01-26,4204,4164,3018,2418
2014-01-27,4227,4186,4453,3556
2014-01-28,4269,4206,4718,4113
2014-01-29,4284,4222,4718,4258
2014-01-30,4275,4236,4408,4048
2014-01-31,4212,4240,4248,3343
2014-02-01,4159,4233,3553,2853
2014-02-02,4117,4221,2723,2476
2014-02-03,4030,4192,3843,3114
2014-02-04,3974,4150,4323,3837
2014-02-05,3944,4102,4513,4210
2014-02-06,3962,4057,4533,4204
2014-02-07,3976,4023,4343,3709
2014-02-08,3965,3996,3478,3627
2014-02-09,3998,3979,2953,2775
2014-02-10,4069,3984,4343,3721
2014-02-11,4117,4005,4653,3993
2014-02-12,4145,4033,4713,4031
2014-02-13,4207,4068,4963,4298
2014-02-14,4297,4114,4973,4608
2014-02-15,4421,4179,4348,3854
2014-02-16,4569,4261,3993,4407
2014-02-17,4766,4360,5718,5362
2014-02-18,4971,4482,6088,5780
2014-02-19,5172,4629,6118,5789
2014-02-20,5325,4789,6038,5660
2014-02-21,5476,4957,6028,5755
2014-02-22,5615,5128,5323,5243
2014-02-23,5714,5291,4688,4429
2014-02-24,5762,5434,6048,5282
2014-02-25,5769,5547,6138,5516
2014-02-26,5780,5634,6198,5664
2014-02-27,5783,5700,6058,5184
2014-02-28,5743,5738,5748,3955
2014-03-01,5631,5740,4538,3194
2014-03-02,5544,5716,4083,3149
2014-03-03,5462,5673,5473,4197
2014-03-04,5353,5614,5373,5150
2014-03-05,5292,5544,5773,5381
2014-03-06,5320,5478,6253,5510
2014-03-07,5470,5439,6798,6158
2014-03-08,5676,5445,5978,6059
2014-03-09,5826,5486,5133,5297
2014-03-10,6024,5566,6858,5954
2014-03-11,6199,5687,6598,6190
2014-03-12,6357,5839,6878,6540
2014-03-13,6489,6006,7178,6709
2014-03-14,6584,6165,7468,7258
2014-03-15,6712,6313,6873,6755
2014-03-16,6784,6450,5638,6221
2014-03-17,6835,6566,7213,7090
2014-03-18,6999,6680,7748,6868
2014-03-19,7149,6793,7923,7685
2014-03-20,7241,6901,7823,7667
2014-03-21,7269,6999,7663,7550
2014-03-22,7331,7087,7308,6873
2014-03-23,7420,7178,6263,5826
2014-03-24,7497,7272,7753,7043
2014-03-25,7510,7345,7838,6838
2014-03-26,7547,7402,8178,6201
2014-03-27,7577,7450,8038,6336
2014-03-28,7629,7502,8023,6796
2014-03-29,7582,7537,6983,6374
2014-03-30,7523,7552,5848,5854
2014-03-31,7506,7553,7633,7174
2014-04-01,7534,7557,8038,7235
2014-04-02,7514,7552,8038,7446
2014-04-03,7460,7536,7658,7671
2014-04-04,7408,7504,7658,7858
2014-04-05,7412,7480,7013,6891
2014-04-06,7471,7472,6258,6133
2014-04-07,7520,7474,7978,7422
2014-04-08,7583,7481,8478,7902
2014-04-09,7622,7497,8308,7197
2014-04-10,7756,7539,8598,7863
2014-04-11,7884,7607,8558,7960
2014-04-12,8002,7691,7833,7252
2014-04-13,8082,7778,6818,6123
2014-04-14,8166,7871,8568,7763
2014-04-15,8197,7958,8693,8102
2014-04-16,8237,8046,8593,8199
2014-04-17,8292,8123,8983,8458
2014-04-18,8293,8181,8563,7865
2014-04-19,8244,8216,7493,6714
2014-04-20,8180,8230,6368,5940
2014-04-21,8131,8225,8223,7241
2014-04-22,8130,8215,8688,7400
2014-04-23,8145,8202,8698,7724
2014-04-24,8116,8177,8778,7393
2014-04-25,8139,8155,8723,7671
2014-04-26,8178,8146,7768,6958
2014-04-27,8203,8149,6543,6433
2014-04-28,8182,8156,8078,7360
2014-04-29,8109,8153,8178,7721
2014-04-30,8061,8141,8358,7488
2014-05-01,8047,8131,8678,7834
2014-05-02,8033,8116,8628,8154
2014-05-03,8007,8092,7588,7483
2014-05-04,8017,8065,6608,6947
2014-05-05,8102,8054,8673,8271
2014-05-06,8219,8069,9003,8543
2014-05-07,8302,8104,8933,7969
2014-05-08,8355,8148,9053,8731
2014-05-09,8400,8200,8943,7930
2014-05-10,8422,8259,7738,7212
2014-05-11,8451,8321,6813,6461
2014-05-12,8432,8369,8538,7876
2014-05-13,8412,8396,8868,8398
2014-05-14,8402,8410,8858,7839
2014-05-15,8394,8416,8998,8641
2014-05-16,8400,8416,8988,8592
2014-05-17,8465,8422,8193,7128
2014-05-18,8508,8430,7113,6418
2014-05-19,8519,8443,8618,7960
2014-05-20,8521,8458,8878,7895
2014-05-21,8525,8476,8888,7917
2014-05-22,8509,8493,8888,7811
2014-05-23,8455,8500,8608,7276
2014-05-24,8332,8481,7333,6438
2014-05-25,8198,8437,6173,5815
2014-05-26,8046,8370,7553,6327
2014-05-27,7924,8284,8023,7463
2014-05-28,7810,8182,8093,6686
2014-05-29,7708,8068,8173,6751
2014-05-30,7677,7956,8388,7494
2014-05-31,7690,7865,7428,6877
2014-06-01,7663,7788,5983,6047
2014-06-02,7677,7736,7653,6676
2014-06-03,7672,7700,7983,7411
2014-06-04,7662,7678,8023,7264
2014-06-05,7669,7673,8223,7379
2014-06-06,7643,7668,8208,7302
2014-06-07,7654,7663,7503,6900
2014-06-08,7662,7662,6038,6231
2014-06-09,7700,7666,7923,7288
2014-06-10,7749,7677,8328,7620
2014-06-11,7815,7699,8483,7499
2014-06-12,7867,7727,8588,7947
2014-06-13,7882,7761,8308,7949
2014-06-14,7884,7794,7518,6771
2014-06-15,7872,7824,5958,5802
2014-06-16,7852,7846,7783,7258
2014-06-17,7822,7856,8113,7377
2014-06-18,7812,7856,8418,7136
2014-06-19,7757,7840,8198,6646
2014-06-20,7734,7819,8148,6947
2014-06-21,7711,7794,7358,6797
2014-06-22,7730,7774,6093,6082
2014-06-23,7719,7755,7703,7548
2014-06-24,7702,7738,7993,7705
2014-06-25,7702,7722,8418,8082
2014-06-26,7769,7724,8668,8144
2014-06-27,7773,7729,8178,8260
2014-06-28,7789,7740,7468,7268
2014-06-29,7861,7759,6598,6667
2014-06-30,7899,7785,7973,7648
2014-07-01,7934,7818,8238,7870
2014-07-02,7953,7854,8548,8418
2014-07-03,7966,7882,8758,8424
2014-07-04,8021,7918,8563,7642
2014-07-05,8067,7957,7788,6874
2014-07-06,8027,7981,6318,6439
2014-07-07,8052,8003,8153,8083
2014-07-08,8032,8017,8093,7635
2014-07-09,7987,8022,8238,7055
2014-07-10,7962,8021,8578,7391
2014-07-11,7999,8018,8828,7862
2014-07-12,7969,8004,7578,7438
2014-07-13,7971,7996,6328,6403
2014-07-14,7949,7981,8003,7151
2014-07-15,7942,7969,8043,7382
2014-07-16,7919,7959,8073,7227
2014-07-17,7837,7941,8008,7364
2014-07-18,7763,7907,8308,7377
2014-07-19,7769,7879,7623,6473
2014-07-20,7749,7847,6188,6250
2014-07-21,7735,7816,7903,7077
2014-07-22,7735,7787,8043,7611
2014-07-23,7775,7766,8353,7736
2014-07-24,7782,7758,8053,7505
2014-07-25,7722,7752,7888,7370
2014-07-26,7639,7734,7048,6508
2014-07-27,7592,7711,5858,5857
2014-07-28,7497,7677,7233,6381
2014-07-29,7388,7628,7283,6669
2014-07-30,7307,7561,7783,6833
2014-07-31,7292,7491,7953,7042
2014-08-01,7269,7426,7723,6824
2014-08-02,7212,7365,6653,5955
2014-08-03,7187,7307,5683,4615
2014-08-04,7115,7253,6728,5408
2014-08-05,7050,7205,6828,6029
2014-08-06,6919,7149,6868,6064
2014-08-07,6823,7082,7278,6326
2014-08-08,6742,7007,7158,5415
2014-08-09,6633,6924,5888,5539
2014-08-10,6542,6832,5048,5267
2014-08-11,6542,6750,6728,6124
2014-08-12,6482,6669,6408,5855
2014-08-13,6447,6602,6623,5885
2014-08-14,6415,6544,7053,5901
2014-08-15,6388,6493,6968,6181
2014-08-16,6434,6465,6213,5032
2014-08-17,6470,6454,5298,5164
2014-08-18,6458,6442,6643,6031
2014-08-19,6545,6451,7018,6213
2014-08-20,6603,6473,7028,6286
2014-08-21,6572,6496,6838,6283
2014-08-22,6597,6526,7138,4437
2014-08-23,6556,6543,5928,3676
2014-08-24,6472,6543,4708,3394
2014-08-25,6388,6533,6058,4672
2014-08-26,6326,6502,6583,5428
2014-08-27,6246,6451,6468,5327
2014-08-28,6169,6393,6303,5518
2014-08-29,6021,6311,6098,5057
2014-08-30,5970,6227,5573,4709
2014-08-31,5937,6151,4473,4265
2014-09-01,5877,6078,5638,5405
2014-09-02,5889,6016,6673,5774
2014-09-03,5939,5972,6813,5975
2014-09-04,5977,5944,6568,6139
2014-09-05,6077,5952,6803,5340
2014-09-06,6048,5963,5368,4517
2014-09-07,5962,5967,3868,3457
2014-09-08,5925,5974,5383,4198
2014-09-09,5789,5959,5718,4270
2014-09-10,5647,5918,5818,4726
2014-09-11,5642,5870,6538,6212
2014-09-12,5656,5810,6898,5498
2014-09-13,5750,5767,6028,5352
2014-09-14,5972,5769,5418,4449
2014-09-15,6095,5793,6248,5153
2014-09-16,6194,5851,6408,5262
2014-09-17,6292,5943,6508,4881
2014-09-18,6285,6035,6488,5362
2014-09-19,6212,6114,6388,5525
2014-09-20,6228,6183,6138,5581
2014-09-21,6228,6219,5418,5200
2014-09-22,6301,6249,6758,6112
2014-09-23,6399,6278,7098,6296
2014-09-24,6491,6306,7148,6740
2014-09-25,6621,6354,7398,6818
2014-09-26,6734,6429,7178,5842
2014-09-27,6757,6504,6298,5070
2014-09-28,6754,6579,5398,4753
2014-09-29,6731,6641,6598,5311
2014-09-30,6687,6682,6788,5747
2014-10-01,6599,6697,6538,5503
2014-10-02,6491,6679,6638,5947
2014-10-03,6439,6637,6818,5468
2014-10-04,6389,6584,5948,5482
2014-10-05,6342,6526,5068,5303
2014-10-06,6370,6474,6793,5850
2014-10-07,6377,6430,6833,6065
2014-10-08,6463,6410,7143,5872
2014-10-09,6525,6415,7073,5359
2014-10-10,6446,6416,6263,5265
2014-10-11,6435,6423,5872,5219
2014-10-12,6397,6430,4803,4530
2014-10-13,6313,6422,6203,4616
2014-10-14,6277,6408,6583,5079
2014-10-15,6213,6372,6693,5420
2014-10-16,6158,6320,6688,5466
2014-10-17,6194,6284,6518,5568
2014-10-18,6209,6252,5978,5369
2014-10-19,6226,6227,4918,4585
2014-10-20,6239,6217,6298,5651
2014-10-21,6247,6212,6638,6002
2014-10-22,6259,6219,6778,6050
2014-10-23,6239,6231,6548,5807
2014-10-24,6224,6235,6408,5681
2014-10-25,6165,6229,5568,5020
2014-10-26,6139,6216,4738,4308
2014-10-27,6070,6192,5813,4938
2014-10-28,5985,6155,6043,5399
2014-10-29,5902,6104,6193,5572
2014-10-30,5879,6052,6393,5472
2014-10-31,5860,6000,6273,5126
2014-11-01,5824,5951,5318,4946
2014-11-02,5836,5908,4818,4414
2014-11-03,5870,5880,6053,5120
2014-11-04,5890,5866,6183,5443
2014-11-05,5897,5865,6243,5737
2014-11-06,5893,5867,6363,5314
2014-11-07,5892,5872,6263,5239
2014-11-08,5927,5886,5568,4960
2014-11-09,5887,5894,4538,4547
2014-11-10,5894,5897,6103,5293
2014-11-11,5899,5899,6213,5430
2014-11-12,5942,5905,6543,5432
2014-11-13,5949,5913,6413,5327
2014-11-14,5792,5899,5163,4743
2014-11-15,5672,5862,4728,4140
2014-11-16,5637,5826,4298,3633
2014-11-17,5557,5778,5538,4346
2014-11-18,5482,5718,5688,4958
2014-11-19,5369,5637,5758,4795
2014-11-20,5233,5534,5458,4668
2014-11-21,5244,5456,5238,4224
2014-11-22,5229,5393,4628,3960
2014-11-23,5138,5322,3658,3102
2014-11-24,5044,5249,4883,4207
2014-11-25,4967,5175,5143,4108
2014-11-26,4879,5105,5143,3745
2014-11-27,4682,5026,4078,2449
2014-11-28,4577,4931,4508,3130
2014-11-29,4459,4821,3798,3436
2014-11-30,4562,4738,4378,2626
2014-12-01,4464,4655,4198,3799
2014-12-02,4340,4566,4278,3582
2014-12-03,4255,4477,4548,3375
2014-12-04,4319,4425,4523,2694
2014-12-05,4244,4377,3988,2602
2014-12-06,4210,4342,3558,2436
2014-12-07,4007,4263,2958,2121
2014-12-08,3967,4192,3918,2735
2014-12-09,3950,4136,4158,3078
2014-12-10,3920,4088,4338,3112
2014-12-11,3909,4030,4448,3202
2014-12-12,3948,3987,4258,2845
2014-12-13,3864,3938,2968,2345
2014-12-14,3735,3899,2058,1639
2014-12-15,3681,3858,3538,2466
2014-12-16,3614,3810,3688,3207
2014-12-17,3592,3763,4188,3140
2014-12-18,3549,3712,4148,2706
2014-12-19,3492,3647,3858,2857
2014-12-20,3439,3586,2598,2763
2014-12-21,3443,3544,2083,2099
2014-12-22,3470,3514,3728,2845
2014-12-23,3502,3498,3908,2373
2014-12-24,3346,3463,3098,1592
2014-12-25,2913,3372,1118,1120
2014-12-26,2782,3271,2938,2236
2014-12-27,2816,3182,2838,2347
2014-12-28,2875,3100,2498,2314
2014-12-29,2913,3021,3993,3641
2014-12-30,2953,2942,4188,3765
2014-12-31,2938,2884,2993,3511
2015-01-01,2173,1486,2173,1486
2015-01-02,2816,2310,3458,3134
2015-01-03,2863,2496,2958,2867
2015-01-04,2831,2568,2733,2784
2015-01-05,3095,2786,4153,3658
2015-01-06,3326,2976,4478,3925
2015-01-07,3497,3010,4523,3219
2015-01-08,3793,3244,4248,3120
2015-01-09,3903,3268,4228,3304
2015-01-10,4007,3304,3688,3117
2015-01-11,4031,3292,2898,2702
2015-01-12,4033,3244,4168,3319
2015-01-13,4009,3166,4308,3382
2015-01-14,3973,3128,4273,2948
2015-01-15,3922,3101,3893,2936
2015-01-16,3899,3092,4063,3239
2015-01-17,3887,3108,3603,3226
2015-01-18,3889,3140,2913,2926
2015-01-19,3914,3253,4348,4110
2015-01-20,3926,3356,4388,4104
2015-01-21,3941,3549,4378,4299
2015-01-22,4003,3730,4328,4205
2015-01-23,4062,3891,4478,4368
2015-01-24,4133,3938,4098,3552
2015-01-25,4214,3904,3478,2688
2015-01-26,4224,3727,4423,2873
2015-01-27,4244,3559,4528,2928
2015-01-28,4268,3436,4543,3439
2015-01-29,4277,3320,4393,3389
2015-01-30,4234,3067,4173,2601
2015-01-31,4054,2878,2843,2225
2015-02-01,3862,2738,2128,1708
2015-02-02,3724,2615,3463,2014
2015-02-03,3592,2598,3598,2809
2015-02-04,3481,2593,3768,3402
2015-02-05,3474,2555,4348,3123
2015-02-06,3554,2766,4728,4079
2015-02-07,3723,3011,4028,3939
2015-02-08,3884,3253,3258,3405
2015-02-09,4043,3561,4573,4173
2015-02-10,4227,3856,4883,4868
2015-02-11,4407,4115,5033,5218
2015-02-12,4555,4354,5383,4795
2015-02-13,4637,4467,5303,4873
2015-02-14,4684,4595,4353,4837
2015-02-15,4719,4683,3503,4017
2015-02-16,4818,4822,5268,5144
2015-02-17,4927,4869,5648,5200
2015-02-18,5012,4930,5628,5645
2015-02-19,5064,5061,5743,5713
2015-02-20,5122,5168,5713,5617
2015-02-21,5237,5236,5158,5312
2015-02-22,5334,5293,4178,4421
2015-02-23,5456,5345,6123,5504
2015-02-24,5559,5394,6373,5548
2015-02-25,5673,5373,6423,5495
2015-02-26,5739,5357,6208,5603
2015-02-27,5813,5319,6228,5346
2015-02-28,5864,5161,5518,4213
2015-03-01,5927,4967,4618,3060
2015-03-02,5905,4560,5968,2657
2015-03-03,5843,4122,5938,2483
2015-03-04,5562,3769,4458,3022
2015-03-05,5194,3439,3628,3293
2015-03-06,4847,3152,3798,3339
2015-03-07,4577,2936,3628,2695
2015-03-08,4421,2860,3528,2531
2015-03-09,4394,3192,5778,4980
2015-03-10,4401,3718,5988,6169
2015-03-11,4712,4283,6638,6971
2015-03-12,5235,4878,7288,7457
2015-03-13,5844,5488,8063,7612
2015-03-14,6404,6151,7543,7338
2015-03-15,6834,6734,6543,6614
2015-03-16,7187,7118,8248,7667
2015-03-17,7517,7391,8293,8080
2015-03-18,7767,7496,8393,7703
2015-03-19,7926,7422,8398,6940
2015-03-20,7970,7391,8373,7393
2015-03-21,7942,7281,7348,6567
2015-03-22,7852,7080,5913,5212
2015-03-23,7775,6808,7708,5758
2015-03-24,7747,6588,8098,6543
2015-03-25,7675,6595,7888,7754
2015-03-26,7697,6769,8548,8155
2015-03-27,7728,6846,8593,7930
2015-03-28,7747,6969,7483,7432
2015-03-29,7807,7159,6328,6538
2015-03-30,7864,7374,8108,7265
2015-03-31,7913,7528,8443,7622
2015-04-01,7992,7606,8443,8298
2015-04-02,7982,7623,8473,8279
2015-04-03,7944,7598,8328,7753
2015-04-04,7984,7486,7763,6643
2015-04-05,8005,7349,6478,5579
2015-04-06,8036,7401,8323,7633
2015-04-07,7996,7421,8163,7760
2015-04-08,8009,7384,8533,8042
2015-04-09,8060,7373,8833,8203
2015-04-10,8106,7447,8648,8267
2015-04-11,8137,7571,7978,7514
2015-04-12,8158,7775,6628,7004
2015-04-13,8139,7828,8193,8004
2015-04-14,8223,7868,8748,8041
2015-04-15,8267,7770,8838,7359
2015-04-16,8276,7723,8898,7874
2015-04-17,8173,7619,7928,7534
2015-04-18,8074,7625,7288,7559
2015-04-19,8027,7586,6293,6732
2015-04-20,8061,7569,8433,7884
2015-04-21,8053,7633,8693,8486
2015-04-22,8065,7782,8923,8402
2015-04-23,8109,7909,9203,8763
2015-04-24,8199,7948,8558,7811
2015-04-25,8249,7747,7643,6146
2015-04-26,8301,7534,6653,5244
2015-04-27,8242,7441,8018,7234
2015-04-28,8159,7294,8118,7458
2015-04-29,8082,7222,8378,7900
2015-04-30,7958,6991,8338,7146
2015-05-01,7910,6948,8223,7506
2015-05-02,7916,7013,7683,6602
2015-05-03,7943,7121,6843,5996
2015-05-04,7963,7130,8158,7304
2015-05-05,8023,7168,8538,7721
2015-05-06,8049,7132,8558,7648
2015-05-07,8030,7160,8208,7345
2015-05-08,7955,7092,7698,7028
2015-05-09,7862,7020,7028,6101
2015-05-10,7762,6891,6148,5093
2015-05-11,7661,6725,7448,6137
2015-05-12,7557,6524,7813,6320
2015-05-13,7469,6440,7943,7059
2015-05-14,7420,6385,7863,6960
2015-05-15,7395,6207,7523,5779
2015-05-16,7364,5749,6808,2892
2015-05-17,7259,5194,5418,1214
2015-05-18,7074,4925,6148,4249
2015-05-19,6796,4758,5868,5151
2015-05-20,6522,4385,6028,4454
2015-05-21,6262,4016,6038,4375
2015-05-22,6158,3947,6798,5295
2015-05-23,6065,4341,6158,5646
2015-05-24,6061,4914,5388,5228
2015-05-25,6154,5194,6803,6210
2015-05-26,6335,5426,7133,6772
2015-05-27,6573,5828,7693,7268
2015-05-28,6858,6248,8033,7321
2015-05-29,7052,6507,8158,7103
2015-05-30,7154,6519,6868,5734
2015-05-31,7144,6570,5318,5582
2015-06-01,7211,6647,7273,6746
2015-06-02,7314,6637,7858,6703
2015-06-03,7349,6489,7938,6236
2015-06-04,7326,6388,7868,6613
2015-06-05,7214,6351,7373,6841
2015-06-06,7104,6384,6098,5967
2015-06-07,7092,6302,5233,5007
2015-06-08,7039,6228,6903,6228
2015-06-09,6950,6234,7238,6744
2015-06-10,6857,6299,7288,6692
2015-06-11,6806,6309,7508,6681
2015-06-12,6807,6291,7383,6718
2015-06-13,6825,6276,6223,5862
2015-06-14,6826,6285,5238,5073
2015-06-15,6827,6310,6908,6399
2015-06-16,6847,6380,7383,7232
2015-06-17,6900,6442,7658,7126
2015-06-18,6912,6543,7593,7390
2015-06-19,6924,6623,7468,7280
2015-06-20,6968,6756,6528,6792
2015-06-21,7091,6816,6098,5489
2015-06-22,7162,6913,7408,7079
2015-06-23,7229,6932,7853,7368
2015-06-24,7293,6951,8103,7260
2015-06-25,7354,6956,8023,7423
2015-06-26,7395,6967,7753,7358
2015-06-27,7412,6884,6643,6212
2015-06-28,7347,6882,5648,5478
2015-06-29,7351,6739,7433,6072
2015-06-30,7328,6682,7693,6973
2015-07-01,7269,6691,7688,7320
2015-07-02,7242,6619,7838,6922
2015-07-03,7211,6577,7533,7064
2015-07-04,7199,6486,6563,5572
2015-07-05,7195,6405,5618,4915
2015-07-06,7169,6419,7253,6167
2015-07-07,7149,6386,7553,6741
2015-07-08,7152,6260,7703,6441
2015-07-09,7152,6325,7843,7374
2015-07-10,7167,6355,7633,7276
2015-07-11,7231,6524,7013,6756
2015-07-12,7268,6621,5878,5590
2015-07-13,7326,6769,7658,7204
2015-07-14,7354,6871,7748,7457
2015-07-15,7397,6976,8008,7177
2015-07-16,7411,6950,7938,7192
2015-07-17,7399,6857,7548,6621
2015-07-18,7348,6629,6658,5161
2015-07-19,7259,6383,5253,3871
2015-07-20,7092,6071,6488,5019
2015-07-21,6997,5830,7083,5772
2015-07-22,6891,5650,7268,5913
2015-07-23,6689,5442,6528,5733
2015-07-24,6587,5266,6828,5393
2015-07-25,6471,5228,5848,4895
2015-07-26,6494,5361,5413,4799
2015-07-27,6487,5442,6443,5584
2015-07-28,6437,5557,6728,6582
2015-07-29,6416,5652,7123,6575
2015-07-30,6579,5833,7668,7004
2015-07-31,6635,6041,7223,6846
2015-08-01,6700,6229,6303,6214
2015-08-02,6720,6299,5553,5285
2015-08-03,6744,6464,6613,6744
2015-08-04,6746,6450,6738,6482
2015-08-05,6735,6411,7048,6303
2015-08-06,6709,6351,7483,6581
2015-08-07,6712,6258,7248,6195
2015-08-08,6694,6204,6178,5840
2015-08-09,6669,6222,5378,5412
2015-08-10,6747,6108,7153,5942
2015-08-11,6813,6052,7203,6089
2015-08-12,6878,6099,7503,6631
2015-08-13,6898,6101,7623,6594
2015-08-14,7071,6164,8458,6642
2015-08-15,7251,6198,7438,6074
2015-08-16,7374,6214,6243,5527
2015-08-17,7364,6256,7083,6237
2015-08-18,7352,6393,7113,7044
2015-08-19,7331,6420,7358,6823
2015-08-20,7328,6521,7600,7296
2015-08-21,7147,6548,7193,6834
2015-08-22,7019,6596,6543,6411
2015-08-23,6911,6626,5488,5735
2015-08-24,6944,6667,7313,6525
2015-08-25,6980,6543,7363,6179
2015-08-26,6959,6521,7213,6664
2015-08-27,6929,6406,7393,6491
2015-08-28,6944,6294,7298,6055
2015-08-29,6944,6141,6543,5340
2015-08-30,6947,6021,5508,4891
2015-08-31,6831,5878,6498,5526
2015-09-01,6737,5824,6708,5799
2015-09-02,6718,5665,7078,5551
2015-09-03,6704,5675,7298,6565
2015-09-04,6699,5762,7258,6660
2015-09-05,6664,5805,6303,5643
2015-09-06,6625,5834,5233,5091
2015-09-07,6714,5892,7118,5933
2015-09-08,6844,5868,7618,5633
2015-09-09,6872,5845,7278,5386
2015-09-10,6762,5622,6528,5010
2015-09-11,6727,5430,7008,5316
2015-09-12,6625,5162,5593,3763
2015-09-13,6548,4989,4693,3885
2015-09-14,6404,4829,6108,4812
2015-09-15,6225,4849,6368,5771
2015-09-16,6139,4908,6678,5796
2015-09-17,6145,5000,6568,5658
2015-09-18,6091,4954,6628,4993
2015-09-19,6097,5161,5638,5214
2015-09-20,6143,5244,5013,4463
2015-09-21,6139,5304,6078,5229
2015-09-22,6136,5315,6348,5850
2015-09-23,6040,5293,6008,5644
2015-09-24,6072,5379,6788,6257
2015-09-25,6093,5570,6778,6336
2015-09-26,6179,5691,6238,6060
2015-09-27,6247,5831,5493,5439
2015-09-28,6354,6001,6828,6420
2015-09-29,6440,6134,6948,6784
2015-09-30,6610,6276,7198,6633
2015-10-01,6720,6360,7558,6845
2015-10-02,6792,6383,7278,6499
2015-10-03,6754,6316,5978,5590
2015-10-04,6719,6271,5248,5125
2015-10-05,6734,6272,6928,6429
2015-10-06,6801,6300,7418,6974
2015-10-07,6872,6364,7698,7087
2015-10-08,6902,6445,7768,7407
2015-10-09,6985,6542,7858,7183
2015-10-10,7143,6614,7083,6091
2015-10-11,7227,6681,5838,5594
2015-10-12,7250,6656,7088,6255
2015-10-13,7233,6598,7298,6567
2015-10-14,7213,6601,7558,7111
2015-10-15,7145,6422,7293,6153
2015-10-16,7110,6214,7613,5725
2015-10-17,7079,6119,6863,5425
2015-10-18,7042,5992,5578,4706
2015-10-19,7019,5885,6928,5507
2015-10-20,6999,5764,7163,5722
2015-10-21,6954,5617,7243,6078
2015-10-22,6947,5651,7243,6393
2015-10-23,6884,5706,7173,6109
2015-10-24,6807,5693,6318,5334
2015-10-25,6767,5722,5303,4908
2015-10-26,6742,5778,6748,5898
2015-10-27,6729,5807,7078,5927
2015-10-28,6706,5785,7078,5923
2015-10-29,6642,5698,6798,5788
2015-10-30,6555,5594,6563,5377
2015-10-31,6490,5501,5863,4688
2015-11-01,6457,5473,5068,4713
2015-11-02,6427,5446,6543,5704
2015-11-03,6396,5446,6858,5927
2015-11-04,6339,5492,6678,6245
2015-11-05,6296,5498,6498,5833
2015-11-06,6325,5531,6768,5606
2015-11-07,6347,5638,6013,5438
2015-11-08,6341,5631,5028,4662
2015-11-09,6323,5637,6418,5747
2015-11-10,6274,5623,6518,5828
2015-11-11,6234,5540,6398,5665
2015-11-12,6219,5558,6388,5956
2015-11-13,6159,5560,6348,5623
2015-11-14,6081,5465,5468,4771
2015-11-15,6004,5422,4493,4365
2015-11-16,5916,5303,5798,4911
2015-11-17,5870,5251,6198,5463
2015-11-18,5834,5218,6148,5435
2015-11-19,5806,5109,6188,5196
2015-11-20,5754,5009,5988,4921
2015-11-21,5679,4929,4938,4215
2015-11-22,5634,4799,4183,3452
2015-11-23,5615,4706,5663,4259
2015-11-24,5574,4615,5908,4824
2015-11-25,5574,4508,6148,4690
2015-11-26,5216,4255,3683,3423
2015-11-27,5084,4130,5068,4045
2015-11-28,5019,4102,4478,4024
2015-11-29,4951,4053,3708,3104
2015-11-30,4742,3967,4198,3660
2015-12-01,4483,3794,4098,3612
2015-12-02,4190,3611,4098,3413
2015-12-03,4253,3566,4123,3102
2015-12-04,4143,3434,4298,3123
2015-12-05,4097,3330,4158,3299
2015-12-06,4057,3356,3423,3280
2015-12-07,4177,3480,5038,4530
2015-12-08,4308,3603,5018,4471
2015-12-09,4478,3774,5288,4611
2015-12-10,4672,4004,5478,4715
2015-12-11,4817,4142,5313,4086
2015-12-12,4839,4161,4318,3431
2015-12-13,4793,4093,3098,2809
2015-12-14,4782,3924,4963,3341
2015-12-15,4797,3904,5118,4335
2015-12-16,4782,3905,5188,4618
2015-12-17,4757,3896,5298,4650
2015-12-18,4717,3918,5033,4241
2015-12-19,4714,3941,4303,3595
2015-12-20,4783,3960,3578,2942
2015-12-21,4758,3890,4788,2851
2015-12-22,4745,3894,5028,4362
2015-12-23,4672,3790,4678,3893
2015-12-24,4391,3467,3328,2383
2015-12-25,3920,3046,1738,1294
2015-12-26,3787,2895,3368,2539
2015-12-27,3712,2839,3053,2550
2015-12-28,3661,2898,4433,3266
2015-12-29,3606,2898,4643,4358
2015-12-30,3677,2974,5173,4431
2015-12-31,3736,3031,3743,2783
2016-01-01,2268,1623,2268,1623
2016-01-02,2693,2208,3118,2792
2016-01-03,2730,2293,2803,2465
2016-01-04,3173,2449,4503,2915
2016-01-05,3440,2443,4508,2419
2016-01-06,3579,2316,4273,1684
2016-01-07,3617,2202,3848,1516
2016-01-08,3673,2194,2658,1569
2016-01-09,3578,1952,2453,1094
2016-01-10,3458,1765,1963,1158
2016-01-11,3232,1586,2923,1664
2016-01-12,3020,1529,3023,2018
2016-01-13,2872,1616,3238,2289
2016-01-14,2847,1717,3668,2230
2016-01-15,2978,1696,3578,1422
2016-01-16,3041,1803,2893,1840
2016-01-17,3088,1939,2293,2112
2016-01-18,3222,2255,3863,3873
2016-01-19,3313,2492,3658,3675
2016-01-20,3430,2672,4058,3553
2016-01-21,3507,2883,4203,3704
2016-01-22,3562,3202,3968,3652
2016-01-23,3655,3401,3543,3234
2016-01-24,3737,3497,2863,2788
2016-01-25,3769,3452,4093,3555
2016-01-26,3837,3483,4128,3895
2016-01-27,3881,3585,4368,4267
2016-01-28,3922,3603,4488,3830
2016-01-29,3960,3664,4238,4076
2016-01-30,4026,3737,4003,3748
2016-01-31,4054,3700,3063,2527
2016-02-01,4077,3649,4248,3198
2016-02-02,4153,3576,4663,3386
2016-02-03,4229,3516,4903,3848
2016-02-04,4280,3597,4843,4392
2016-02-05,4349,3624,4723,4266
2016-02-06,4393,3658,4308,3986
2016-02-07,4465,3783,3568,3405
2016-02-08,4532,3908,4713,4076
2016-02-09,4566,3982,4903,3898
2016-02-10,4604,4087,5173,4590
2016-02-11,4679,4158,5363,4886
2016-02-12,4766,4255,5333,4943
2016-02-13,4852,4314,4908,4397
2016-02-14,4874,4365,3728,3766
2016-02-15,4974,4414,5413,4417
2016-02-16,5121,4593,5928,5155
2016-02-17,5225,4641,5903,4923
2016-02-18,5297,4700,5863,5297
2016-02-19,5425,4833,6233,5880
2016-02-20,5575,4984,5958,5452
2016-02-21,5765,5108,5058,4632
2016-02-22,5965,5314,6813,5862
2016-02-23,6114,5474,6968,6274
2016-02-24,6240,5630,6788,6017
2016-02-25,6382,5760,6853,6201
2016-02-26,6509,5784,7123,6053
2016-02-27,6598,5883,6583,6146
2016-02-28,6630,6000,5283,5450
2016-02-29,6670,6051,7093,6219
2016-03-01,6730,6085,7388,6507
2016-03-02,6814,6149,7378,6465
2016-03-03,6908,6193,7508,6509
2016-03-04,6874,6277,6888,6645
2016-03-05,6778,6226,5908,5784
2016-03-06,6739,6088,5008,4482
2016-03-07,6618,5892,6248,4849
2016-03-08,6424,5670,6033,4952
2016-03-09,6288,5545,6423,5588
2016-03-10,6223,5510,7053,6265
2016-03-11,6322,5532,7583,6800
2016-03-12,6434,5558,6688,5972
2016-03-13,6551,5702,5828,5489
2016-03-14,6688,5912,7208,6314
2016-03-15,6912,6197,7598,6947
2016-03-16,7068,6356,7518,6704
2016-03-17,7124,6465,7443,7029
2016-03-18,7084,6482,7303,6917
2016-03-19,7084,6530,6688,6312
2016-03-20,7127,6600,6133,5975
2016-03-21,7234,6707,7953,7066
2016-03-22,7338,6802,8328,7608
2016-03-23,7488,7002,8568,8106
2016-03-24,7653,7151,8598,8073
2016-03-25,7799,7279,8323,7814
2016-03-26,7829,7234,6898,5992
2016-03-27,7668,7195,5008,5706
2016-03-28,7656,7178,7868,6948
2016-03-29,7660,7177,8358,7596
2016-03-30,7688,7095,8763,7537
2016-03-31,7654,7002,8363,7418
2016-04-01,7655,6899,8328,7096
2016-04-02,7708,7016,7268,6810
2016-04-03,7901,7075,6358,6120
2016-04-04,7966,7133,8323,7350
2016-04-05,8007,7104,8648,7397
2016-04-06,7994,7149,8673,7850
2016-04-07,8067,7283,8873,8360
2016-04-08,8121,7293,8703,7166
2016-04-09,8154,7058,7498,5163
2016-04-10,8157,6703,6383,3635
2016-04-11,8086,6409,7823,5292
2016-04-12,7835,6167,6893,5701
2016-04-13,7468,5689,6103,4504
2016-04-14,7198,5246,6983,5260
2016-04-15,6972,5109,7123,6210
2016-04-16,6829,5227,6493,5985
2016-04-17,6788,5502,6098,5559
2016-04-18,6817,5728,8028,6877
2016-04-19,6974,5987,7988,7510
2016-04-20,7327,6519,8578,8231
2016-04-21,7595,6968,8858,8401
2016-04-22,7870,7318,9048,8662
2016-04-23,8132,7506,8328,7298
2016-04-24,8266,7655,7033,6604
2016-04-25,8296,7791,8238,7834
2016-04-26,8412,7877,8803,8106
2016-04-27,8465,7824,8948,7860
2016-04-28,8489,7742,9023,7834
2016-04-29,8477,7578,8968,7514
2016-04-30,8422,7543,7938,7049
2016-05-01,8364,7541,6628,6589
2016-05-02,8369,7475,8278,7370
2016-05-03,8339,7346,8588,7203
2016-05-04,8367,7368,9148,8018
2016-05-05,8377,7465,9093,8512
2016-05-06,8384,7540,9018,8041
2016-05-07,8392,7508,7988,6824
2016-05-08,8393,7408,6638,5887
2016-05-09,8374,7431,8148,7533
2016-05-10,8387,7504,8678,7712
2016-05-11,8356,7447,8928,7620
2016-05-12,8338,7385,8968,8082
2016-05-13,8232,7312,8278,7528
2016-05-14,8155,7322,7448,6895
2016-05-15,8068,7337,6028,5988
2016-05-16,8021,7301,7818,7287
2016-05-17,8003,7264,8553,7450
2016-05-18,7962,7288,8643,7789
2016-05-19,7897,7208,8513,7517
2016-05-20,7882,7115,8168,6879
2016-05-21,7867,6994,7343,6050
2016-05-22,7827,6888,5748,5241
2016-05-23,7789,6759,7558,6386
2016-05-24,7652,6722,7593,7194
2016-05-25,7571,6611,8073,7013
2016-05-26,7527,6395,8203,6004
2016-05-27,7490,6295,7913,6178
2016-05-28,7379,6277,6563,5923
2016-05-29,7314,6346,5293,5721
2016-05-30,7279,6370,7313,6554
2016-05-31,7306,6310,7783,6773
2016-06-01,7323,6426,8193,7826
2016-06-02,7362,6737,8473,8181
2016-06-03,7398,6983,8168,7903
2016-06-04,7519,7084,7413,6630
2016-06-05,7569,7075,5638,5659
2016-06-06,7589,7152,7458,7091
2016-06-07,7602,7168,7873,6883
2016-06-08,7591,7051,8113,7011
2016-06-09,7540,6953,8118,7494
2016-06-10,7517,6879,8003,7388
2016-06-11,7474,6913,7113,6862
2016-06-12,7513,6938,5913,5839
2016-06-13,7539,6929,7638,7023
2016-06-14,7564,7029,8053,7586
2016-06-15,7583,7142,8243,7804
2016-06-16,7612,7221,8323,8041
2016-06-17,7619,7264,8053,7688
2016-06-18,7607,7221,7028,6568
2016-06-19,7575,7271,5688,6186
2016-06-20,7578,7079,7658,5679
2016-06-21,7576,7046,8038,7358
2016-06-22,7349,6866,6653,6540
2016-06-23,7249,6658,7628,6589
2016-06-24,7199,6566,7703,7041
2016-06-25,7162,6577,6763,6648
2016-06-26,7118,6562,5383,6082
2016-06-27,7129,6815,7733,7444
2016-06-28,7152,6858,8203,7663
2016-06-29,7417,7008,8508,7588
2016-06-30,7509,7034,8268,6774
2016-07-01,7574,7091,8158,7439
2016-07-02,7603,7113,6968,6802
2016-07-03,7628,7039,5558,5560
2016-07-04,7607,6970,7583,6960
2016-07-05,7596,6911,8128,7251
2016-07-06,7572,6878,8343,7358
2016-07-07,7523,7002,7923,7643
2016-07-08,7455,6977,7683,7264
2016-07-09,7410,6928,6653,6461
2016-07-10,7455,6968,5873,5840
2016-07-11,7469,6967,7683,6950
2016-07-12,7479,6976,8198,7312
2016-07-13,7452,6992,8153,7472
2016-07-14,7477,6944,8093,7309
2016-07-15,7524,6874,8013,6774
2016-07-16,7554,6789,6868,5865
2016-07-17,7519,6664,5628,4963
2016-07-18,7479,6567,7398,6272
2016-07-19,7414,6455,7748,6532
2016-07-20,7286,6316,7253,6500
2016-07-21,7190,6255,7423,6881
2016-07-22,7154,6275,7758,6910
2016-07-23,7146,6240,6813,5622
2016-07-24,7094,6236,5263,4935
2016-07-25,7031,6163,6958,5761
2016-07-26,6984,6106,7418,6132
2016-07-27,7017,6081,7488,6324
2016-07-28,6962,5976,7038,6144
2016-07-29,6859,5805,7033,5713
2016-07-30,6723,5683,5863,4769
2016-07-31,6654,5774,4783,5573
2016-08-01,6546,5781,6198,5812
2016-08-02,6457,5817,6793,6382
2016-08-03,6355,5817,6778,6323
2016-08-04,6415,5948,7458,7064
2016-08-05,6425,6017,7103,6197
2016-08-06,6451,6108,6043,5402
2016-08-07,6507,5973,5173,4634
2016-08-08,6587,5999,6758,5989
2016-08-09,6594,5957,6843,6092
2016-08-10,6644,5906,7128,5961
2016-08-11,6612,5769,7238,6109
2016-08-12,6619,5753,7148,6085
2016-08-13,6613,5767,6003,5498
2016-08-14,6588,5769,4998,4646
2016-08-15,6460,5729,5863,5713
2016-08-16,6368,5745,6198,6201
2016-08-17,6255,5792,6338,6288
2016-08-18,6197,5825,6828,6340
2016-08-19,6202,5784,7183,5800
2016-08-20,6183,5843,5873,5915
2016-08-21,6179,5877,4973,4885
2016-08-22,6279,5924,6563,6041
2016-08-23,6364,5924,6788,6202
2016-08-24,6487,5947,7198,6449
2016-08-25,6519,5924,7053,6173
2016-08-26,6457,5906,6753,5679
2016-08-27,6452,5809,5833,5234
2016-08-28,6423,5755,4773,4506
2016-08-29,6387,5728,6313,5850
2016-08-30,6338,5701,6443,6014
2016-08-31,6257,5669,6633,6225
2016-09-01,6272,5645,7153,6006
2016-09-02,6259,5684,6668,5952
2016-09-03,6170,5610,5208,4716
2016-09-04,6155,5562,4668,4174
2016-09-05,6106,5495,5968,5381
2016-09-06,6115,5468,6508,5821
2016-09-07,6134,5405,6768,5783
2016-09-08,6089,5412,6838,6054
2016-09-09,6093,5334,6693,5412
2016-09-10,6163,5389,5698,5096
2016-09-11,6162,5423,4658,4417
2016-09-12,6207,5474,6283,5732
2016-09-13,6200,5547,6463,6337
2016-09-14,6199,5637,6763,6409
2016-09-15,6216,5713,6953,6589
2016-09-16,6232,5814,6803,6116
2016-09-17,6213,5860,5568,5423
2016-09-18,6277,5884,5108,4580
2016-09-19,6307,5900,6493,5849
2016-09-20,6366,5803,6873,5653
2016-09-21,6406,5616,7043,5103
2016-09-22,6334,5339,6453,4652
2016-09-23,6169,5178,5643,4989
2016-09-24,6101,4932,5093,3699
2016-09-25,6032,4833,4628,3888
2016-09-26,6014,4796,6368,5587
2016-09-27,6012,4886,6858,6284
2016-09-28,6058,5106,7363,6640
2016-09-29,6208,5394,7503,6673
2016-09-30,6439,5606,7263,6469
2016-10-01,6579,5924,6068,5923
2016-10-02,6641,6123,5063,5281
2016-10-03,6699,6240,6778,6411
2016-10-04,6749,6255,7203,6385
2016-10-05,6760,6287,7443,6868
2016-10-06,6727,6279,7273,6612
2016-10-07,6668,6215,6848,6026
2016-10-08,6635,6121,5838,5262
2016-10-09,6649,6010,5163,4503
2016-10-10,6642,5978,6723,6191
2016-10-11,6587,5971,6818,6335
2016-10-12,6474,5933,6658,6600
2016-10-13,6395,5892,6718,6327
2016-10-14,6370,5868,6673,5855
2016-10-15,6414,5892,6143,5431
2016-10-16,6396,5941,5038,4848
2016-10-17,6382,5903,6623,5923
2016-10-18,6393,5875,6898,6140
2016-10-19,6422,5874,6858,6593
2016-10-20,6462,5909,6998,6572
2016-10-21,6464,5982,6693,6364
2016-10-22,6434,6008,5933,5615
2016-10-23,6434,6053,5033,5161
2016-10-24,6429,6023,6588,5712
2016-10-25,6391,6005,6633,6018
2016-10-26,6353,5903,6593,5876
2016-10-27,6291,5773,6563,5665
2016-10-28,6247,5677,6383,5694
2016-10-29,6233,5589,5838,4996
2016-10-30,6167,5444,4568,4147
2016-10-31,6109,5339,6188,4981
2016-11-01,6065,5296,6323,5713
2016-11-02,6024,5286,6303,5803
2016-11-03,6014,5289,6493,5689
2016-11-04,5987,5228,6198,5269
2016-11-05,5924,5209,5398,4863
2016-11-06,5904,5205,4428,4117
2016-11-07,5878,5187,6003,4855
2016-11-08,5849,5143,6118,5405
2016-11-09,5814,5089,6063,5426
2016-11-10,5732,5049,5918,5408
2016-11-11,5692,5054,5913,5299
2016-11-12,5643,5088,5058,5104
2016-11-13,5622,5099,4278,4194
2016-11-14,5584,5166,5743,5322
2016-11-15,5564,5161,5973,5371
2016-11-16,5547,5144,5943,5309
2016-11-17,5527,5072,5783,4902
2016-11-18,5434,4977,5263,4636
2016-11-19,5345,4805,4433,3899
2016-11-20,5277,4672,3798,3263
2016-11-21,5222,4548,5358,4455
2016-11-22,5145,4458,5438,4742
2016-11-23,5083,4371,5508,4700
2016-11-24,4825,4126,3978,3185
2016-11-25,4767,4028,4853,3952
2016-11-26,4756,4006,4358,3747
2016-11-27,4664,3933,3158,2747
2016-11-28,4526,3803,4388,3550
2016-11-29,4404,3704,4583,4044
2016-11-30,4279,3592,4633,3919
2016-12-01,4369,3719,4613,4072
2016-12-02,4327,3751,4558,4177
2016-12-03,4293,3673,4118,3199
2016-12-04,4302,3762,3218,3374
2016-12-05,4358,3882,4783,4386
2016-12-06,4426,3960,5058,4591
2016-12-07,4495,4078,5118,4746
2016-12-08,4554,4145,5028,4538
2016-12-09,4605,4155,4913,4250
2016-12-10,4607,4227,4133,3701
2016-12-11,4620,4186,3308,3091
2016-12-12,4619,4150,4778,4135
2016-12-13,4590,4142,4853,4532
2016-12-14,4579,4114,5043,4552
2016-12-15,4562,4039,4903,4015
2016-12-16,4514,3965,4578,3731
2016-12-17,4487,3841,3943,2835
2016-12-18,4449,3777,3048,2643
2016-12-19,4412,3803,4513,4314
2016-12-20,4408,3770,4828,4300
2016-12-21,4372,3736,4788,4315
2016-12-22,4329,3510,4608,2431
2016-12-23,4203,3129,3693,1066
2016-12-24,3946,2886,2143,1136
2016-12-25,3682,2673,1203,1146
2016-12-26,3386,2296,2438,1679
2016-12-27,3094,1916,2783,1638
2016-12-28,2805,1507,2768,1451
2016-12-29,2581,1398,3038,1669
2016-12-30,2442,1452,2718,1447
2016-12-31,2342,1460,1448,1190
2017-01-01,1188,1188,1188,1200
2017-01-02,1538,1363,1888,1674
2017-01-03,1738,1488,2138,1767
2017-01-04,2097,1640,3173,1956
2017-01-05,2273,1767,2978,1799
2017-01-06,2238,1845,2063,1814
2017-01-07,2191,1895,1908,1762
2017-01-08,2232,2044,1478,1709
2017-01-09,2336,2158,2613,2295
2017-01-10,2384,2250,2473,2369
2017-01-11,2341,2285,2873,2344
2017-01-12,2364,2298,3143,2391
2017-01-13,2464,2330,2758,1803
2017-01-14,2465,2369,1918,1990
2017-01-15,2487,2406,1633,1524
2017-01-16,2497,2429,2683,2396
2017-01-17,2516,2448,2603,2234
2017-01-18,2530,2475,2973,2170
2017-01-19,2442,2486,2528,1640
2017-01-20,2357,2471,2163,1297
2017-01-21,2362,2456,1948,1308
2017-01-22,2341,2435,1488,1728
2017-01-23,2324,2410,2568,2056
2017-01-24,2348,2386,2768,2461
2017-01-25,2306,2354,2678,2363
2017-01-26,2359,2342,2898,2171
2017-01-27,2465,2358,2908,2439
2017-01-28,2558,2386,2598,2952
2017-01-29,2659,2431,2198,2344
2017-01-30,2794,2498,3508,3829
2017-01-31,2982,2589,4088,3819
2017-02-01,3242,2723,4498,4413
2017-02-02,3464,2881,4448,4195
2017-02-03,3668,3052,4338,4328
2017-02-04,3862,3239,3958,3577
2017-02-05,3949,3423,2808,2824
2017-02-06,4108,3611,4618,4155
2017-02-07,4238,3790,4998,4243
2017-02-08,4309,3943,4998,4270
2017-02-09,4374,4073,4898,4387
2017-02-10,4436,4182,4773,3568
2017-02-11,4460,4268,4128,2541
2017-02-12,4527,4350,3278,2842
2017-02-13,4549,4413,4773,4216
2017-02-14,4567,4460,5118,4885
2017-02-15,4614,4504,5328,4954
2017-02-16,4729,4555,5708,5282
2017-02-17,4796,4606,5238,3956
2017-02-18,4860,4663,4578,2309
2017-02-19,4850,4709,3208,1559
2017-02-20,4710,4732,3793,2545
2017-02-21,4542,4729,3938,2391
2017-02-22,4347,4691,3968,2846
2017-02-23,4183,4613,4558,3408
2017-02-24,4103,4514,4678,4578
2017-02-25,4067,4400,4328,4130
2017-02-26,4153,4301,3808,3382
2017-02-27,4339,4248,5093,4537
2017-02-28,4469,4237,4853,4126
2017-03-01,4676,4284,5413,3930
2017-03-02,4751,4365,5083,4416
2017-03-03,4693,4450,4273,4275
2017-03-04,4709,4541,4438,3974
2017-03-05,4772,4630,4248,4827
2017-03-06,4904,4710,6018,5899
2017-03-07,5099,4800,6218,6223
2017-03-08,5212,4877,6208,6286
2017-03-09,5482,4981,6968,6805
2017-03-10,5878,5151,7048,6959
2017-03-11,6153,5357,6363,6898
2017-03-12,6302,5576,5288,6171
2017-03-13,6469,5799,7193,6389
2017-03-14,6661,6022,7558,7477
2017-03-15,6898,6263,7868,6639
2017-03-16,7019,6483,7818,6912
2017-03-17,7059,6652,7323,6863
2017-03-18,7091,6786,6588,6273
2017-03-19,7124,6903,5523,5298
2017-03-20,7146,7000,7343,6722
2017-03-21,7152,7070,7598,7170
2017-03-22,7136,7104,7758,6540
2017-03-23,7149,7122,7908,3719
2017-03-24,7165,7137,7438,6636
2017-03-25,7187,7151,6738,6316
2017-03-26,7229,7166,5823,5917
2017-03-27,7294,7187,7793,7001
2017-03-28,7330,7213,7853,7534
2017-03-29,7317,7239,7668,7225
2017-03-30,7299,7260,7778,7359
2017-03-31,7362,7288,7883,6855
2017-04-01,7407,7320,7048,6647
2017-04-02,7427,7348,5968,6469
2017-04-03,7458,7371,8008,7680
2017-04-04,7480,7393,8008,7521
2017-04-05,7591,7432,8443,7942
2017-04-06,7690,7488,8473,8264
2017-04-07,7731,7541,8168,7848
2017-04-08,7799,7597,7523,6907
2017-04-09,7850,7657,6328,5900
2017-04-10,7828,7710,7853,6930
2017-04-11,7860,7764,8233,7288
2017-04-12,7843,7800,8323,7829
2017-04-13,7789,7814,8093,7165
2017-04-14,7753,7817,7918,6731
2017-04-15,7677,7800,6988,6404
2017-04-16,7537,7755,5348,5169
2017-04-17,7504,7709,7623,7109
2017-04-18,7471,7653,8003,7313
2017-04-19,7485,7602,8423,7943
2017-04-20,7573,7571,8708,8447
2017-04-21,7680,7561,8668,8318
2017-04-22,7732,7569,7348,7688
2017-04-23,7814,7608,5928,6680
2017-04-24,7866,7660,7983,8008
2017-04-25,7924,7725,8413,8269
2017-04-26,7992,7797,8893,8177
2017-04-27,8028,7862,8963,8006
2017-04-28,8029,7912,8678,8000
2017-04-29,8020,7953,7283,6826
2017-04-30,8052,7987,6153,6063
2017-05-01,8111,8022,8393,7829
2017-05-02,8143,8054,8638,8358
2017-05-03,8144,8075,8903,8977
2017-05-04,8132,8090,8873,8731
2017-05-05,8132,8105,8683,8301
2017-05-06,8175,8127,7583,7206
2017-05-07,8155,8142,6013,6352
2017-05-08,8090,8139,7938,7455
2017-05-09,8039,8124,8278,7756
2017-05-10,7957,8097,8333,6937
2017-05-11,7902,8064,8488,6641
2017-05-12,7827,8021,8158,6449
2017-05-13,7654,7946,6368,5328
2017-05-14,7538,7858,5203,4285
2017-05-15,7467,7769,7438,6725
2017-05-16,7348,7670,7448,7126
2017-05-17,7224,7566,7468,6962
2017-05-18,7138,7457,7883,7344
2017-05-19,7087,7351,7798,6624
2017-05-20,7177,7283,6998,5460
2017-05-21,7224,7238,5538,5494
2017-05-22,7247,7206,7593,7107
2017-05-23,7297,7199,7803,7921
2017-05-24,7342,7216,7783,8076
2017-05-25,7372,7249,8093,8209
2017-05-26,7398,7294,7978,7534
2017-05-27,7402,7326,7023,6255
2017-05-28,7449,7358,5873,5769
2017-05-29,7388,7378,7163,7170
2017-05-30,7353,7386,7558,7570
2017-05-31,7372,7391,7918,7471
2017-06-01,7364,7389,8033,7458
2017-06-02,7332,7380,7758,7308
2017-06-03,7283,7363,6678,5987
2017-06-04,7216,7330,5403,5119
2017-06-05,7228,7307,7248,7077
2017-06-06,7227,7289,7548,7230
2017-06-07,7204,7265,7763,7270
2017-06-08,7197,7241,7983,7625
2017-06-09,7188,7220,7693,7256
2017-06-10,7184,7206,6653,6529
2017-06-11,7200,7204,5513,5795
2017-06-12,7218,7203,7373,7582
2017-06-13,7238,7204,7688,7704
2017-06-14,7243,7210,7798,7529
2017-06-15,7285,7222,8278,8474
2017-06-16,7344,7245,8103,8050
2017-06-17,7401,7276,7053,7096
2017-06-18,7479,7315,6058,6141
2017-06-19,7592,7369,8163,7214
2017-06-20,7704,7435,8473,7225
2017-06-21,7802,7515,8483,7356
2017-06-22,7736,7579,7818,7688
2017-06-23,7689,7629,7778,6527
2017-06-24,7609,7659,6493,5787
2017-06-25,7574,7672,5808,6081
2017-06-26,7484,7657,7533,7650
2017-06-27,7389,7612,7813,8101
2017-06-28,7314,7542,7958,8225
2017-06-29,7362,7489,8148,8193
2017-06-30,7380,7445,7908,7930
2017-07-01,7414,7417,6728,7451
2017-07-02,7401,7392,5718,6522
2017-07-03,7416,7382,7638,7430
2017-07-04,7444,7390,8013,7765
2017-07-05,7461,7411,8073,7884
2017-07-06,7462,7425,8153,8073
2017-07-07,7469,7438,7963,7642
2017-07-08,7508,7452,6998,6613
2017-07-09,7494,7465,5618,5722
2017-07-10,7477,7474,7518,7098
2017-07-11,7451,7474,7833,7569
2017-07-12,7417,7468,7838,7318
2017-07-13,7399,7459,8023,7498
2017-07-14,7373,7445,7783,7446
2017-07-15,7347,7422,6813,6354
2017-07-16,7364,7404,5738,5059
2017-07-17,7332,7383,7298,6522
2017-07-18,7271,7357,7403,7545
2017-07-19,7238,7332,7608,7490
2017-07-20,7237,7309,8013,7563
2017-07-21,7256,7292,7918,7047
2017-07-22,7254,7279,6798,6110
2017-07-23,7175,7252,5188,5377
2017-07-24,7150,7226,7123,6518
2017-07-25,7164,7211,7503,6532
2017-07-26,7132,7195,7383,6482
2017-07-27,7030,7166,7298,6474
2017-07-28,6850,7108,6658,5586
2017-07-29,6717,7031,5868,4944
2017-07-30,6726,6967,5248,4746
2017-07-31,6620,6891,6383,5926
2017-08-01,6505,6797,6698,6495
2017-08-02,6442,6699,6938,6578
2017-08-03,6375,6605,6833,6279
2017-08-04,6356,6534,6523,5180
2017-08-05,6302,6475,5493,4546
2017-08-06,6212,6402,4613,4855
2017-08-07,6207,6343,6348,6291
2017-08-08,6197,6299,6628,6167
2017-08-09,6157,6258,6658,6375
2017-08-10,6102,6219,6453,5986
2017-08-11,6062,6177,6243,6237
2017-08-12,6019,6136,5193,4672
2017-08-13,5963,6101,4218,4641
2017-08-14,5943,6063,6208,6229
2017-08-15,5920,6024,6468,6612
2017-08-16,5938,5993,6783,6369
2017-08-17,6050,5985,7238,6823
2017-08-18,6199,6005,7283,6584
2017-08-19,6354,6052,6278,6112
2017-08-20,6424,6118,4713,5264
2017-08-21,6494,6197,6698,6621
2017-08-22,6571,6290,7003,6548
2017-08-23,6628,6389,7183,6528
2017-08-24,6614,6469,7143,6798
2017-08-25,6546,6519,6803,6649
2017-08-26,6425,6529,5433,5653
2017-08-27,6423,6529,4698,4989
2017-08-28,6383,6513,6418,6112
2017-08-29,6271,6470,6218,6035
2017-08-30,6174,6405,6508,6438
2017-08-31,6071,6328,6418,6291
2017-09-01,5986,6248,6208,6111
2017-09-02,6011,6188,5608,5377
2017-09-03,5939,6119,4193,4282
2017-09-04,5915,6052,6253,5636
2017-09-05,5927,6003,6303,5729
2017-09-06,5921,5967,6463,5840
2017-09-07,5936,5948,6523,5985
2017-09-08,5898,5935,5943,5351
2017-09-09,5840,5911,5203,3967
2017-09-10,5836,5896,4163,2911
2017-09-11,5765,5875,5758,4437
2017-09-12,5635,5833,5393,4423
2017-09-13,5582,5785,6093,5217
2017-09-14,5497,5722,5928,5604
2017-09-15,5544,5671,6268,5662
2017-09-16,5559,5631,5313,5273
2017-09-17,5616,5600,4558,4598
2017-09-18,5692,5589,6288,5862
2017-09-19,5852,5620,6513,5887
2017-09-20,5918,5668,6558,6899
2017-09-21,6028,5744,6698,6723
2017-09-22,6105,5824,6808,6746
2017-09-23,6169,5911,5763,5582
2017-09-24,6179,5992,4628,4992
2017-09-25,6204,6065,6458,6384
2017-09-26,6249,6122,6833,6560
2017-09-27,6344,6183,7223,7054
2017-09-28,6447,6243,7413,6891
2017-09-29,6472,6295,6988,6332
2017-09-30,6516,6345,6068,5636
2017-10-01,6582,6402,5088,5117
2017-10-02,6592,6457,6533,6605
2017-10-03,6599,6507,6878,6721
2017-10-04,6587,6542,7143,6855
2017-10-05,6544,6556,7113,7006
2017-10-06,6545,6566,6993,6459
2017-10-07,6532,6569,5978,5930
2017-10-08,6529,6561,5068,5327
2017-10-09,6589,6561,6948,6681
2017-10-10,6638,6566,7223,6819
2017-10-11,6695,6582,7543,7232
2017-10-12,6758,6612,7553,7105
2017-10-13,6738,6640,6853,6458
2017-10-14,6755,6672,6098,5687
2017-10-15,6776,6707,5213,5320
2017-10-16,6770,6733,6908,6355
2017-10-17,6752,6749,7098,6029
2017-10-18,6684,6748,7063,6496
2017-10-19,6593,6724,6918,6772
2017-10-20,6577,6701,6738,6286
2017-10-21,6567,6674,6028,5430
2017-10-22,6553,6642,5118,5227
2017-10-23,6538,6609,6803,5930
2017-10-24,6505,6574,6868,6738
2017-10-25,6473,6544,6838,6537
2017-10-26,6462,6525,6843,6422
2017-10-27,6434,6505,6538,6302
2017-10-28,6354,6474,5468,5409
2017-10-29,6294,6437,4698,4980
2017-10-30,6207,6390,6193,5883
2017-10-31,6132,6336,6348,5526
2017-11-01,6109,6285,6678,5759
2017-11-02,6067,6228,6543,5999
2017-11-03,5972,6162,5878,5503
2017-11-04,5953,6105,5333,5133
2017-11-05,5980,6060,4888,4461
2017-11-06,5951,6024,5988,5544
2017-11-07,5948,5997,6328,5485
2017-11-08,5852,5960,6008,5581
2017-11-09,5777,5919,6018,5558
2017-11-10,5735,5885,5583,4997
2017-11-11,5664,5844,4838,4311
2017-11-12,5546,5782,4058,3613
2017-11-13,5507,5719,5713,4960
2017-11-14,5398,5640,5568,5017
2017-11-15,5347,5568,5648,4031
2017-11-16,5282,5497,5563,3878
2017-11-17,5203,5421,5033,3826
2017-11-18,5191,5353,4753,4304
2017-11-19,5128,5294,3618,3300
2017-11-20,5027,5225,5008,4310
2017-11-21,4974,5164,5193,4573
2017-11-22,4915,5103,5238,4035
2017-11-23,4619,5008,3493,2523
2017-11-24,4529,4912,4403,3910
2017-11-25,4464,4808,4293,4005
2017-11-26,4482,4716,3743,3262
2017-11-27,4437,4631,4698,4296
2017-11-28,4379,4546,4783,3879
2017-11-29,4285,4456,4583,3913
2017-11-30,4464,4434,4748,3669
2017-12-01,4507,4431,4698,4197
2017-12-02,4510,4438,4318,3690
2017-12-03,4513,4442,3763,3246
2017-12-04,4492,4450,4548,3908
2017-12-05,4489,4466,4768,4092
2017-12-06,4529,4501,4863,4375
2017-12-07,4537,4511,4798,4151
2017-12-08,4535,4515,4688,3529
2017-12-09,4504,4514,4098,3995
2017-12-10,4487,4510,3648,3922
2017-12-11,4567,4521,5108,4403
2017-12-12,4580,4534,4858,4807
2017-12-13,4572,4540,4808,4799
2017-12-14,4598,4549,4978,4422
2017-12-15,4651,4566,5058,4156
2017-12-16,4659,4588,4158,4227
2017-12-17,4628,4608,3428,3689
2017-12-18,4578,4610,4758,4103
2017-12-19,4558,4606,4718,4464
2017-12-20,4581,4608,4968,4254
2017-12-21,4574,4604,4928,3329
2017-12-22,4498,4582,4528,3424
2017-12-23,4458,4554,3878,3838
2017-12-24,4235,4497,1868,1592
2017-12-25,3735,4377,1258,1594
2017-12-26,3638,4246,4038,3786
2017-12-27,3604,4106,4733,4605
2017-12-28,3617,3969,5013,4511
2017-12-29,3652,3848,4773,4265
2017-12-30,3629,3730,3718,3492
2017-12-31,3669,3649,2148,2061
2018-01-01,1403,1403,1403,1366
2018-01-02,2711,2057,4018,3604
2018-01-03,3243,2452,4308,4244
2018-01-04,3582,2735,4598,4016
2018-01-05,3731,2934,4328,3214
2018-01-06,3749,3070,3838,2545
2018-01-07,3609,3147,2768,2136
2018-01-08,3995,3517,4108,3028
2018-01-09,3977,3698,3888,3164
2018-01-10,3939,3797,4048,2923
2018-01-11,3839,3834,3898,3129
2018-01-12,3749,3837,3698,2575
2018-01-13,3719,3833,3628,2368
2018-01-14,3729,3850,2838,1808
2018-01-15,3696,3807,3873,3222
2018-01-16,3697,3767,3893,3631
2018-01-17,3697,3732,4048,3966
2018-01-18,3768,3722,4398,3967
2018-01-19,3844,3736,4228,3367
2018-01-20,3857,3755,3718,2571
2018-01-21,3864,3774,2888,2225
2018-01-22,3882,3801,3998,3274
2018-01-23,3904,3831,4048,3781
2018-01-24,3944,3866,4333,4000
2018-01-25,3959,3893,4503,4149
2018-01-26,4002,3916,4528,3771
2018-01-27,4034,3941,3943,2933
2018-01-28,4022,3964,2803,2392
2018-01-29,4088,3994,4458,3871
2018-01-30,4088,4020,4048,3995
2018-01-31,4141,4048,4703,4458
2018-02-01,4218,4085,5043,4472
2018-02-02,4284,4125,4988,3962
2018-02-03,4319,4166,4193,3799
2018-02-04,4301,4206,2673,2865
2018-02-05,4359,4244,4863,4226
2018-02-06,4507,4304,5083,3970
2018-02-07,4572,4366,5163,4509
2018-02-08,4668,4430,5713,5219
2018-02-09,4762,4498,5643,5235
2018-02-10,4871,4577,4958,4466
2018-02-11,4953,4670,3248,3299
2018-02-12,5004,4762,5218,4498
2018-02-13,5083,4845,5638,4818
2018-02-14,5171,4930,5778,5497
2018-02-15,5175,5003,5743,5093
2018-02-16,5174,5061,5633,5091
2018-02-17,5207,5109,5188,4230
2018-02-18,5295,5158,3868,3399
2018-02-19,5322,5204,5403,5240
2018-02-20,5313,5237,5578,4788
2018-02-21,5322,5258,5838,5396
2018-02-22,5363,5285,6033,5265
2018-02-23,5366,5312,5653,4757
2018-02-24,5354,5334,5108,4582
2018-02-25,5382,5346,4063,3293
2018-02-26,5327,5347,5018,4694
2018-02-27,5323,5348,5548,5360
2018-02-28,5286,5343,5578,4415
2018-03-01,5254,5327,5808,4817
2018-03-02,5235,5309,5523,4315
2018-03-03,5237,5292,5123,4428
2018-03-04,5248,5273,4138,3730
2018-03-05,5352,5276,5748,5280
2018-03-06,5369,5283,5668,5953
2018-03-07,5387,5297,5698,6178
2018-03-08,5435,5323,6148,6476
2018-03-09,5602,5376,6693,6249
2018-03-10,5724,5445,5973,5723
2018-03-11,5755,5518,4358,3916
2018-03-12,5843,5588,6363,5057
2018-03-13,6005,5679,6803,5800
2018-03-14,6177,5792,6903,5617
2018-03-15,6284,5913,6893,6068
2018-03-16,6249,6005,6453,5838
2018-03-17,6194,6073,5588,4332
2018-03-18,6207,6137,4448,4424
2018-03-19,6246,6195,6633,6348
2018-03-20,6187,6221,6393,6504
2018-03-21,6176,6221,6823,6683
2018-03-22,6149,6201,6708,6006
2018-03-23,6182,6192,6678,5935
2018-03-24,6264,6202,6168,6140
2018-03-25,6357,6223,5098,4771
2018-03-26,6433,6250,7163,6594
2018-03-27,6560,6303,7283,7085
2018-03-28,6632,6368,7328,7583
2018-03-29,6812,6463,7968,7620
2018-03-30,6949,6573,7633,7044
2018-03-31,7074,6688,7043,4847
2018-04-01,7083,6792,5163,4523
2018-04-02,7158,6895,7688,6741
2018-04-03,7261,6996,8003,6930
2018-04-04,7434,7110,8538,7550
2018-04-05,7554,7216,8813,8300
2018-04-06,7672,7319,8453,8036
2018-04-07,7756,7417,7633,7730
2018-04-08,7851,7526,5828,6496
2018-04-09,7922,7636,8183,7835
2018-04-10,8013,7743,8643,8050
2018-04-11,8064,7833,8893,8376
2018-04-12,8075,7907,8893,7479
2018-04-13,8059,7963,8338,7577
2018-04-14,8059,8006,7638,7220
2018-04-15,8109,8043,6178,6715
2018-04-16,8165,8078,8573,7966
2018-04-17,8199,8104,8878,8558
2018-04-18,8193,8123,8853,8644
2018-04-19,8165,8136,8698,9186
2018-04-20,8182,8153,8458,8027
2018-04-21,8192,8172,7708,7394
2018-04-22,8205,8186,6268,6329
2018-04-23,8152,8184,8203,7841
2018-04-24,8099,8170,8508,8437
2018-04-25,8097,8156,8838,8474
2018-04-26,8172,8157,9218,8566
2018-04-27,8214,8162,8753,8599
2018-04-28,8218,8165,7738,7517
2018-04-29,8215,8167,6248,6099
2018-04-30,8279,8185,8648,8202
2018-05-01,8327,8217,8848,8440
2018-05-02,8374,8257,9168,8563
2018-05-03,8339,8281,8968,8769
2018-05-04,8301,8293,8488,7844
2018-05-05,8262,8300,7468,7169
2018-05-06,8273,8308,6323,7190
2018-05-07,8236,8302,8388,8908
2018-05-08,8209,8285,8658,8626
2018-05-09,8184,8258,8993,8589
2018-05-10,8163,8232,8823,8783
2018-05-11,8168,8214,8523,8736
2018-05-12,8184,8202,7578,7534
2018-05-13,8184,8190,6328,6401
2018-05-14,8167,8180,8268,7558
2018-05-15,8144,8171,8498,7712
2018-05-16,8054,8152,8363,8809
2018-05-17,8012,8131,8528,8615
2018-05-18,8006,8107,8478,7580
2018-05-19,7972,8077,7338,7026
2018-05-20,7946,8043,6148,6170
2018-05-21,7909,8006,8008,8105
2018-05-22,7882,7969,8313,8085
2018-05-23,7883,7944,8368,8036
2018-05-24,7890,7927,8578,7852
2018-05-25,7815,7900,7953,7014
2018-05-26,7735,7866,6778,5574
2018-05-27,7652,7824,5563,5479
2018-05-28,7531,7770,7163,7194
2018-05-29,7468,7711,7873,8018
2018-05-30,7419,7644,8028,8117
2018-05-31,7377,7571,8278,7574
2018-06-01,7392,7510,8058,7523
2018-06-02,7444,7469,7143,7150
2018-06-03,7448,7440,5593,6148
2018-06-04,7544,7442,7838,7801
2018-06-05,7579,7458,8118,8464
2018-06-06,7626,7487,8353,8570
2018-06-07,7704,7534,8823,8444
2018-06-08,7762,7587,8468,7455
2018-06-09,7844,7644,7718,7186
2018-06-10,7877,7705,5823,6174
2018-06-11,7857,7750,7698,7383
2018-06-12,7857,7790,8113,7884
2018-06-13,7853,7822,8328,7971
2018-06-14,7794,7835,8413,7673
2018-06-15,7740,7832,8088,7420
2018-06-16,7626,7801,6918,6390
2018-06-17,7676,7772,6173,5654
2018-06-18,7698,7749,7853,7510
2018-06-19,7686,7725,8028,8312
2018-06-20,7647,7695,8053,7835
2018-06-21,7677,7679,8628,7256
2018-06-22,7707,7674,8298,7373
2018-06-23,7682,7682,6738,6537
2018-06-24,7556,7665,5293,5241
2018-06-25,7484,7634,7348,6572
2018-06-26,7436,7598,7693,7324
2018-06-27,7427,7567,7993,7876
2018-06-28,7360,7522,8158,7931
2018-06-29,7272,7459,7678,7046
2018-06-30,7252,7398,6603,6327
2018-07-01,7307,7363,5678,6111
2018-07-02,7313,7338,7388,7342
2018-07-03,7300,7319,7603,7732
2018-07-04,7216,7289,7403,7549
2018-07-05,7175,7262,7873,7458
2018-07-06,7185,7250,7748,7207
2018-07-07,7177,7239,6548,6069
2018-07-08,7137,7215,5393,5322
2018-07-09,7101,7184,7138,6734
2018-07-10,7072,7152,7398,7085
2018-07-11,7124,7139,7768,6952
2018-07-12,7109,7129,7768,6861
2018-07-13,7062,7112,7423,6665
2018-07-14,7067,7096,6583,5774
2018-07-15,7053,7084,5293,4878
2018-07-16,7019,7072,6903,6709
2018-07-17,7007,7063,7308,7249
2018-07-18,6934,7036,7263,6697
2018-07-19,6879,7003,7383,6897
2018-07-20,6854,6974,7248,6868
2018-07-21,6785,6933,6098,5773
2018-07-22,6771,6893,5193,4782
2018-07-23,6762,6856,6838,6436
2018-07-24,6733,6817,7108,6296
2018-07-25,6712,6785,7113,6623
2018-07-26,6664,6754,7053,6339
2018-07-27,6586,6716,6698,5894
2018-07-28,6559,6684,5913,5222
2018-07-29,6545,6652,5093,5240
2018-07-30,6759,6651,8338,6720
2018-07-31,7079,6701,9348,7131
2018-08-01,7367,6794,9128,6968
2018-08-02,7458,6908,7688,7477
2018-08-03,7529,7042,7193,7584
2018-08-04,7594,7190,6373,5970
2018-08-05,7616,7343,5243,5432
2018-08-06,7367,7430,6593,6301
2018-08-07,7039,7424,7058,7176
2018-08-08,6752,7336,7113,7191
2018-08-09,6686,7226,7228,5841
2018-08-10,6702,7108,7303,5662
2018-08-11,6754,6988,6738,6324
2018-08-12,6747,6864,5193,5063
2018-08-13,6695,6768,6233,5854
2018-08-14,6620,6708,6533,6763
2018-08-15,6543,6678,6573,6806
2018-08-16,6519,6654,7063,6414
2018-08-17,6539,6631,7438,6141
2018-08-18,6497,6594,6448,6351
2018-08-19,6510,6561,5283,5535
2018-08-20,6613,6549,6953,6431
2018-08-21,6694,6559,7103,6642
2018-08-22,6766,6591,7073,6836
2018-08-23,6804,6632,7333,7034
2018-08-24,6745,6661,7023,6327
2018-08-25,6694,6690,6093,4797
2018-08-26,6630,6707,4833,5069
2018-08-27,6537,6696,6298,6514
2018-08-28,6475,6665,6673,6707
2018-08-29,6477,6623,7088,6336
2018-08-30,6438,6571,7058,6601
2018-08-31,6320,6510,6198,6260
2018-09-01,6217,6442,5368,4704
2018-09-02,6185,6378,4613,4493
2018-09-03,6124,6320,5873,5601
2018-09-04,6067,6261,6268,5854
2018-09-05,5978,6190,6468,6383
2018-09-06,5887,6111,6418,5696
2018-09-07,5938,6056,6558,5860
2018-09-08,6029,6030,6008,5517
2018-09-09,6057,6011,4803,4758
2018-09-10,6105,6009,6213,5976
2018-09-11,6095,6013,6198,5940
2018-09-12,6079,6027,6358,5857
2018-09-13,6099,6057,6553,6129
2018-09-14,6044,6073,6178,5696
2018-09-15,5985,6066,5593,5585
2018-09-16,5948,6051,4543,4795
2018-09-17,5964,6031,6328,6561
2018-09-18,6027,6021,6633,6599
2018-09-19,6060,6018,6593,6556
2018-09-20,6106,6019,6873,7054
2018-09-21,6207,6042,6888,6402
2018-09-22,6241,6079,5828,5864
2018-09-23,6209,6116,4318,4854
2018-09-24,6237,6155,6528,6280
2018-09-25,6267,6190,6843,6608
2018-09-26,6369,6234,7308,6526
2018-09-27,6417,6278,7203,6471
2018-09-28,6406,6307,6813,6169
2018-09-29,6390,6328,5718,5166
2018-09-30,6398,6355,4373,2884
2018-10-01,6187,6348,5053,3679
2018-10-02,5868,6291,4608,4225
2018-10-03,5503,6167,4753,4535
2018-10-04,5247,6000,5413,5000
2018-10-05,5146,5820,6103,5756
2018-10-06,5160,5644,5818,4967
2018-10-07,5262,5482,5083,4185
2018-10-08,5508,5385,6778,6424
2018-10-09,5892,5388,7293,6711
2018-10-10,6279,5499,7468,6446
2018-10-11,6569,5688,7438,6519
2018-10-12,6727,5914,7213,6455
2018-10-13,6766,6143,6088,5226
2018-10-14,6730,6353,4833,4690
2018-10-15,6764,6532,7013,5161
2018-10-16,6714,6650,6948,5579
2018-10-17,6597,6695,6643,4757
2018-10-18,6424,6675,6233,4363
2018-10-19,6277,6610,6183,5878
2018-10-20,6207,6530,5593,4875
2018-10-21,6214,6457,4888,4007
2018-10-22,6107,6363,6263,4749
2018-10-23,6006,6262,6238,5368
2018-10-24,5971,6172,6398,6022
2018-10-25,5983,6109,6318,5368
2018-10-26,5948,6062,5938,5011
2018-10-27,5890,6017,5188,4234
2018-10-28,5772,5954,4058,4462
2018-10-29,5703,5896,5783,5306
2018-10-30,5677,5849,6058,5650
2018-10-31,5658,5804,6263,5733
2018-11-01,5609,5751,5973,5422
2018-11-02,5584,5699,5768,4059
2018-11-03,5564,5652,5043,3978
2018-11-04,5589,5626,4238,4281
2018-11-05,5614,5614,5958,5184
2018-11-06,5632,5607,6178,5848
2018-11-07,5597,5598,6018,5367
2018-11-08,5612,5599,6078,4606
2018-11-09,5622,5604,5838,4697
2018-11-10,5612,5611,4978,4100
2018-11-11,5546,5605,3773,3854
2018-11-12,5449,5581,5283,4472
2018-11-13,5345,5540,5448,4346
2018-11-14,5293,5497,5653,4693
2018-11-15,5198,5438,5413,4985
2018-11-16,5118,5366,5278,4743
2018-11-17,5071,5289,4648,4398
2018-11-18,5047,5217,3603,3657
2018-11-19,5064,5162,5408,4856
2018-11-20,5094,5126,5653,4928
2018-11-21,5119,5101,5828,4685
2018-11-22,5067,5083,5048,2512
2018-11-23,5068,5076,5288,2918
2018-11-24,5148,5087,5208,2487
2018-11-25,5267,5118,4438,2700
2018-11-26,5107,5124,4288,3792
2018-11-27,4941,5102,4488,3786
2018-11-28,4747,5049,4473,3571
2018-11-29,4679,4994,4573,3627
2018-11-30,4529,4917,4233,3610
2018-12-01,4338,4801,3873,2309
2018-12-02,4131,4639,2988,3247
2018-12-03,4217,4512,4888,4281
2018-12-04,4306,4421,5113,4266
2018-12-05,4392,4370,5073,4461
2018-12-06,4419,4333,4763,4004
2018-12-07,4427,4318,4288,2742
2018-12-08,4362,4322,3418,1696
2018-12-09,4318,4348,2683,1364
2018-12-10,4049,4325,3008,1614
2018-12-11,3787,4250,3273,1812
2018-12-12,3479,4120,2923,1840
2018-12-13,3204,3947,2838,1843
2018-12-14,2931,3733,2373,1976
2018-12-15,2730,3500,2013,1641
2018-12-16,2622,3257,1923,1481
2018-12-17,2612,3052,2938,2615
2018-12-18,2594,2882,3148,2567
2018-12-19,2631,2760,3183,2475
2018-12-20,2657,2682,3018,2383
2018-12-21,2702,2650,2693,2433
2018-12-22,2747,2652,2328,1776
2018-12-23,2727,2667,1778,1507
2018-12-24,2543,2657,1653,1293
2018-12-25,2223,2604,908,1086
2018-12-26,2147,2535,2653,2927
2018-12-27,2163,2465,3128,2724
2018-12-28,2249,2400,3298,2714
2018-12-29,2304,2337,2708,2523
2018-12-30,2320,2279,1893,2476
2018-12-31,2387,2256,2118,2291
2019-01-01,1703,1375,1703,1375
2019-01-02,2796,2070,3888,2764
2019-01-03,3360,2580,4488,3600
2019-01-04,3579,2899,4238,3857
2019-01-05,3527,2970,3318,3254
2019-01-06,3324,2818,2308,2056
2019-01-07,3370,2789,3648,2616
2019-01-08,3684,3012,3898,2938
2019-01-09,3602,2981,3313,2547
2019-01-10,3384,2739,2963,1905
2019-01-11,3212,2452,3033,1851
2019-01-12,3118,2248,2663,1820
2019-01-13,3112,2155,2268,1404
2019-01-14,2994,2085,2823,2128
2019-01-15,2807,1909,2588,1709
2019-01-16,2792,1753,3208,1455
2019-01-17,2789,1706,2943,1575
2019-01-18,2622,1669,1858,1590
2019-01-19,2491,1646,1748,1656
2019-01-20,2395,1602,1598,1100
2019-01-21,2353,1572,2528,1921
2019-01-22,2362,1617,2653,2018
2019-01-23,2362,1742,3208,2336
2019-01-24,2443,1881,3508,2544
2019-01-25,2741,2228,3943,4018
2019-01-26,2985,2459,3458,3272
2019-01-27,3144,2580,2708,1952
2019-01-28,3356,2306,4013,2872
2019-01-29,3619,2018,4493,4319
2019-01-30,3852,1684,4838,4123
2019-01-31,3958,3393,4253,3197
2019-02-01,3939,3261,3813,3089
2019-02-02,3882,3083,3053,2030
2019-02-03,3833,2998,2368,1357
2019-02-04,3714,3011,3183,2958
2019-02-05,3547,2874,3323,3360
2019-02-06,3391,2822,3743,3762
2019-02-07,3467,2978,4788,4287
2019-02-08,3579,3203,4598,4668
2019-02-09,3777,3439,4438,3683
2019-02-10,3907,3615,3273,2585
2019-02-11,4114,3764,4638,4001
2019-02-12,4284,3851,4508,3970
2019-02-13,4363,3879,4298,3959
2019-02-14,4350,3722,4698,3187